timestamp_utc,day_ahead_price_eur_mwh,load_mwh,hedge_unhedged_mwh,hedge_coarse_cal_mwh,hedge_granular_mwh,R_DA_UNHEDGED,R_DA_COARSE_CAL,R_DA_GRANULAR,total_actual_mwh,imbalance_volume_mwh,imbalance_price_eur_mwh,total_cost_UNHEDGED,total_cost_COARSE_CAL,total_cost_GRANULAR
2024-12-09T23:00:00Z,92.85,0.8395349999999999,0.0,1.0979940165499635,1.164037193310849,0.8395349999999999,-0.2584590165499636,-0.3245021933108492,0.86512526,0.02559026,34.76,78.84034218759999,61.72261546958607,88.78121981847465
2024-12-09T23:15:00Z,92.85,0.762733,0.0,1.0979940165499635,1.164037193310849,0.762733,-0.3352610165499635,-0.4013041933108491,0.78195925,0.01922625,18.62,71.177751825,54.060025106986075,81.11862945587465
2024-12-09T23:30:00Z,92.85,0.695417,0.0,1.0979940165499635,1.164037193310849,0.695417,-0.4025770165499636,-0.4686201933108491,0.71100448,0.01558748,-7.25,64.45645921999999,47.338732501986065,74.39733685087465
2024-12-09T23:45:00Z,92.85,0.638273,0.0,1.0979940165499635,1.164037193310849,0.638273,-0.4597210165499635,-0.5257641933108491,0.65366714,0.01539414,-22.52,58.916972017199996,41.79924529918608,68.85784964807465
2024-12-10T00:00:00Z,89.33,0.595553,0.0,1.0979940165499635,1.164037193310849,0.595553,-0.5024410165499635,-0.5684841933108491,0.60943254,0.01387954,30.91,53.6297660714,40.37697829164195,67.66805462272885
2024-12-10T00:15:00Z,89.33,0.565248,0.0,1.0979940165499635,1.164037193310849,0.565248,-0.5327460165499636,-0.5987891933108491,0.58232716,0.0170791599999999,12.43,50.705897798799995,37.45311001904194,64.74418635012884
2024-12-10T00:30:00Z,89.33,0.544967,0.0,1.0979940165499635,1.164037193310849,0.544967,-0.5530270165499636,-0.6190701933108491,0.55861675,0.01364975,15.67,48.89579369249999,35.64300591274194,62.93408224382884
2024-12-10T00:45:00Z,89.33,0.531299,0.0,1.0979940165499635,1.164037193310849,0.531299,-0.5666950165499636,-0.6327381933108491,0.54888648,0.0175874799999999,0.2,47.464457165999995,34.211669386241944,61.50274571732884
2024-12-10T01:00:00Z,86.5,0.522042,0.0,1.0979940165499635,1.164037193310849,0.522042,-0.5759520165499635,-0.6419951933108491,0.54062307,0.0185810699999999,23.69,45.5968185483,35.45135383537834,62.929332356698545
2024-12-10T01:15:00Z,86.5,0.515283,0.0,1.0979940165499635,1.164037193310849,0.515283,-0.5827110165499635,-0.648754193310849,0.53545888,0.0201758799999999,52.15,45.624151642,35.47868692907834,62.956665450398546
2024-12-10T01:30:00Z,86.5,0.512089,0.0,1.0979940165499635,1.164037193310849,0.512089,-0.5859050165499635,-0.6519481933108491,0.53234552,0.02025652,32.56,44.9552507912,34.80978607827834,62.287764599598546
2024-12-10T01:45:00Z,86.5,0.508482,0.0,1.0979940165499635,1.164037193310849,0.508482,-0.5895120165499635,-0.6555551933108491,0.52945703,0.02097503,33.45,44.685307753500005,34.53984304057835,62.01782156189855
2024-12-10T02:00:00Z,83.7,0.5053759999999999,0.0,1.0979940165499635,1.164037193310849,0.5053759999999999,-0.5926180165499636,-0.6586611933108492,0.52728582,0.02190982,57.59,43.56175773379999,36.490676267218234,64.15357568346892
2024-12-10T02:15:00Z,83.7,0.50422,0.0,1.0979940165499635,1.164037193310849,0.50422,-0.5937740165499635,-0.6598171933108491,0.52336764,0.01914764,95.75,44.03660053,36.965519063418235,64.62841847966892
2024-12-10T02:30:00Z,83.7,0.503095,0.0,1.0979940165499635,1.164037193310849,0.503095,-0.5948990165499636,-0.6609421933108491,0.52227841,0.01918341,52.34,43.1131111794,36.042029712818234,63.704929129068915
2024-12-10T02:45:00Z,83.7,0.506027,0.0,1.0979940165499635,1.164037193310849,0.506027,-0.5919670165499635,-0.6580101933108491,0.52447916,0.01845216,43.32,43.153807471200004,36.08272600461824,63.745625420868926
2024-12-10T03:00:00Z,87.21,0.511153,0.0,1.0979940165499635,1.164037193310849,0.511153,-0.5868410165499636,-0.6528841933108491,0.52897345,0.0178204499999999,-3.33,44.5183110315,33.59327056682787,61.024358432647844
2024-12-10T03:15:00Z,87.21,0.519938,0.0,1.0979940165499635,1.164037193310849,0.519938,-0.5780560165499635,-0.6440991933108491,0.53750007,0.0175620699999999,4.38,45.4207148466,34.49567438192788,61.92676224774785
2024-12-10T03:30:00Z,87.21,0.529779,0.0,1.0979940165499635,1.164037193310849,0.529779,-0.5682150165499635,-0.6342581933108491,0.54645747,0.01667847,-1.07,46.1841806271,35.259140162427876,62.69022802824785
2024-12-10T03:45:00Z,87.21,0.540918,0.0,1.0979940165499635,1.164037193310849,0.540918,-0.5570760165499635,-0.6231191933108491,0.55749202,0.0165740199999999,3.24,47.227158604799996,36.302118140127874,63.73320600594784
2024-12-10T04:00:00Z,89.07,0.553234,0.0,1.0979940165499635,1.164037193310849,0.553234,-0.5447600165499635,-0.6108031933108491,0.57019749,0.0169634899999999,61.31,50.31658395189999,37.34927461644494,64.65752217348965
2024-12-10T04:15:00Z,89.07,0.5787649999999999,0.0,1.0979940165499635,1.164037193310849,0.5787649999999999,-0.5192290165499637,-0.5852721933108492,0.59263505,0.0138700500000001,75.03,52.59126840149999,39.62395906604493,66.93220662308967
2024-12-10T04:30:00Z,89.07,0.629875,0.0,1.0979940165499635,1.164037193310849,0.629875,-0.4681190165499636,-0.5341621933108491,0.64530782,0.01543282,124.11,58.0183335402,45.05102420474494,72.35927176178966
2024-12-10T04:45:00Z,89.07,0.7193109999999999,0.0,1.0979940165499635,1.164037193310849,0.7193109999999999,-0.3786830165499636,-0.4447261933108491,0.73587203,0.01656103,113.08,65.94175204239998,52.97444270694493,80.28269026398966
2024-12-10T05:00:00Z,112.06,0.8541899999999999,0.0,1.0979940165499635,1.164037193310849,0.8541899999999999,-0.2438040165499636,-0.3098471933108492,0.87330847,0.0191184700000001,-200.27,91.89167541309996,53.68148363716125,79.4713985604732
2024-12-10T05:15:00Z,112.06,1.018813,0.0,1.0979940165499635,1.164037193310849,1.018813,-0.0791810165499635,-0.1452241933108491,1.03821048,0.01939748,-5.65,114.058589018,75.84839724206128,101.63831216537324
2024-12-10T05:30:00Z,112.06,1.190487,0.0,1.0979940165499635,1.164037193310849,1.190487,0.0924929834500365,0.0264498066891509,1.22115306,0.0306660599999999,27.39,134.24591660340002,96.03572482746128,121.82563975077323
2024-12-10T05:45:00Z,112.06,1.3472559999999998,0.0,1.0979940165499635,1.164037193310849,1.3472559999999998,0.2492619834500362,0.1832188066891507,1.38694277,0.0396867700000003,66.02,153.5936279154,115.38343613946127,141.17335106277324
2024-12-10T06:00:00Z,135.18,1.471719,0.0,1.0979940165499635,1.164037193310849,1.471719,0.3737249834500364,0.3076818066891509,1.51939999,0.0476809899999999,42.05,200.9519600495,137.35614661092612,161.6191432875264
2024-12-10T06:15:00Z,135.18,1.566676,0.0,1.0979940165499635,1.164037193310849,1.566676,0.4686819834500364,0.4026388066891508,1.61851244,0.0518364399999999,187.04,221.4787494176,157.88293597902612,182.14593265562638
2024-12-10T06:30:00Z,135.18,1.638456,0.0,1.0979940165499635,1.164037193310849,1.638456,0.5404619834500364,0.4744188066891508,1.67432861,0.0358726100000001,192.48,228.3912420528,164.7954286142261,189.05842529082642
2024-12-10T06:45:00Z,135.18,1.694373,0.0,1.0979940165499635,1.164037193310849,1.694373,0.5963789834500364,0.5303358066891508,1.7343074,0.0399344000000001,207.2,237.31974982000003,173.72393638142614,197.9869330580264
2024-12-10T07:00:00Z,169.76,1.740526,0.0,1.5691057262391757,1.697744006082841,1.740526,0.1714202737608243,0.0427819939171589,1.78245454,0.04192854,43.96,297.31487237839997,156.57277606977348,198.86845070837504
2024-12-10T07:15:00Z,169.76,1.775591,0.0,1.5691057262391757,1.697744006082841,1.775591,0.2064852737608242,0.0778469939171588,1.82918467,0.0535936700000001,140.76,308.96817314919997,168.22607684057348,210.52175147917504
2024-12-10T07:30:00Z,169.76,1.795088,0.0,1.5691057262391757,1.697744006082841,1.795088,0.2259822737608243,0.0973439939171589,1.85360952,0.0585215199999999,165.83,314.4387625416,173.69666623297346,215.992340871575
2024-12-10T07:45:00Z,169.76,1.797276,0.0,1.5691057262391757,1.697744006082841,1.797276,0.2281702737608244,0.099531993917159,1.85563357,0.0583575699999998,165.24,314.7485786268,174.00648231817348,216.30215695677504
2024-12-10T08:00:00Z,182.14,1.7794670000000004,0.0,1.5691057262391757,1.697744006082841,1.7794670000000004,0.2103612737608247,0.0817229939171593,1.82883975,0.0493727499999996,178.3,332.91528070499993,172.7476555055325,213.45078823966946
2024-12-10T08:15:00Z,182.14,1.749316,0.0,1.5691057262391757,1.697744006082841,1.749316,0.1802102737608244,0.051571993917159,1.79197804,0.0426620399999999,178.13,326.2198054252,166.05218022573249,206.75531295986946
2024-12-10T08:30:00Z,182.14,1.712157,0.0,1.5691057262391757,1.697744006082841,1.712157,0.1430512737608242,0.0144129939171588,1.75403379,0.0418767900000001,182.79,319.50693442409994,159.3393092246325,200.04244195876947
2024-12-10T08:45:00Z,182.14,1.67895,0.0,1.5691057262391757,1.697744006082841,1.67895,0.1098442737608242,-0.018794006082841,1.70840195,0.0294519500000001,96.19,308.6369360705,148.4693108710325,189.1724436051695
2024-12-10T09:00:00Z,184.75,1.6548729999999998,0.0,1.5691057262391757,1.697744006082841,1.6548729999999998,0.0857672737608241,-0.0428710060828412,1.68462866,0.0297556600000001,103.55,308.81898534299995,144.5559941980482,184.92338102179323
2024-12-10T09:15:00Z,184.75,1.6393620000000002,0.0,1.5691057262391757,1.697744006082841,1.6393620000000002,0.0702562737608245,-0.0583820060828408,1.67565797,0.0362959699999998,211.49,310.5483641953,146.28537305034826,186.65275987409328
2024-12-10T09:30:00Z,184.75,1.632399,0.0,1.5691057262391757,1.697744006082841,1.632399,0.0632932737608242,-0.0653450060828411,1.66677874,0.0343797400000001,222.42,309.2324570208,144.96946587584824,185.33685269959327
2024-12-10T09:45:00Z,184.75,1.6339309999999998,0.0,1.5691057262391757,1.697744006082841,1.6339309999999998,0.0648252737608241,-0.0638130060828412,1.67399889,0.0400678900000002,234.56,311.26707652839997,147.00408538344826,187.37147220719328
2024-12-10T10:00:00Z,186.5,1.642305,0.0,1.5691057262391757,1.697744006082841,1.642305,0.0731992737608242,-0.0554390060828411,1.68412202,0.04181702,225.06,315.70122102119996,148.6922948553297,188.8345646893483
2024-12-10T10:15:00Z,186.5,1.6562130000000002,0.0,1.5691057262391757,1.697744006082841,1.6562130000000002,0.0871072737608245,-0.0415310060828408,1.70267589,0.0464628899999999,273.73,321.6020113797,154.5930852138297,194.73535504784832
2024-12-10T10:30:00Z,186.5,1.6762039999999998,0.0,1.5691057262391757,1.697744006082841,1.6762039999999998,0.1070982737608241,-0.0215400060828412,1.72682027,0.0506162700000001,249.66,325.2489039682,158.23997780232966,198.38224763634827
2024-12-10T10:45:00Z,186.5,1.7023449999999998,0.0,1.5691057262391757,1.697744006082841,1.7023449999999998,0.1332392737608241,0.0046009939171587,1.74363699,0.0412919900000001,247.26,327.69719994739995,160.6882737815297,200.83054361554827
2024-12-10T11:00:00Z,180.62,1.7325409999999997,0.0,1.5691057262391757,1.697744006082841,1.7325409999999997,0.163435273760824,0.0347969939171586,1.7662553,0.0337143000000004,241.94,321.08839316200005,163.3058086664161,204.20447158591543
2024-12-10T11:15:00Z,180.62,1.760126,0.0,1.5691057262391757,1.697744006082841,1.760126,0.1910202737608244,0.062381993917159,1.79746218,0.0373361799999998,291.06,328.7810266708,170.99844217521598,211.89710509471536
2024-12-10T11:30:00Z,180.62,1.77637,0.0,1.5691057262391757,1.697744006082841,1.77637,0.2072642737608243,0.0786259939171589,1.80631791,0.0299479099999999,263.3,328.733234103,170.950649607416,211.84931252691536
2024-12-10T11:45:00Z,180.62,1.775369,0.0,1.5691057262391757,1.697744006082841,1.775369,0.2062632737608243,0.0776249939171589,1.81071907,0.03535007,266.03,330.0713279021,172.28874340651606,213.18740632601538
2024-12-10T12:00:00Z,190.78,1.7509979999999998,0.0,1.5691057262391757,1.697744006082841,1.7509979999999998,0.1818922737608241,0.0532539939171587,1.78826791,0.0372699100000002,298.94,345.19686533540005,171.47216666122605,211.06386465751376
2024-12-10T12:15:00Z,190.78,1.709476,0.0,1.5691057262391757,1.697744006082841,1.709476,0.1403702737608243,0.0117319939171589,1.7389375,0.0294615,223.27,332.711700385,158.987001710826,198.5786997071137
2024-12-10T12:30:00Z,190.78,1.658556,0.0,1.5691057262391757,1.697744006082841,1.658556,0.0894502737608242,-0.0391880060828411,1.69201556,0.03345956,166.62,321.99434556719996,148.269646893026,187.86134488931373
2024-12-10T12:45:00Z,190.78,1.608251,0.0,1.5691057262391757,1.697744006082841,1.608251,0.0391452737608244,-0.0894930060828409,1.63886038,0.0306093799999997,93.58,309.6865515604,135.961852886226,175.55355088251375
2024-12-10T13:00:00Z,189.41,1.56417,0.0,1.5691057262391757,1.697744006082841,1.56417,-0.0049357262391755,-0.1335740060828409,1.59562685,0.0314568499999998,208.88,302.840146528,131.2651226987737,171.03305513844722
2024-12-10T13:15:00Z,189.41,1.528051,0.0,1.5691057262391757,1.697744006082841,1.528051,-0.0410547262391756,-0.169693006082841,1.55552283,0.0274718299999998,194.23,294.7639934509,123.18896962167366,162.9569020613472
2024-12-10T13:30:00Z,189.41,1.498643,0.0,1.5691057262391757,1.697744006082841,1.498643,-0.0704627262391757,-0.1991010060828411,1.52615073,0.0275077299999999,210.65,289.6524739545,118.07745012527367,157.8453825649472
2024-12-10T13:45:00Z,189.41,1.473132,0.0,1.5691057262391757,1.697744006082841,1.473132,-0.0959737262391755,-0.2246120060828409,1.50583894,0.0327069399999999,223.49,286.33560614059996,114.7605823113737,154.52851475104723
2024-12-10T14:00:00Z,197.64,1.4520589999999998,0.0,1.5691057262391757,1.697744006082841,1.4520589999999998,-0.1170467262391758,-0.2456850060828412,1.48561904,0.0335600400000002,174.42,292.83848293679995,108.34971898062528,147.05895837718543
2024-12-10T14:15:00Z,197.64,1.436095,0.0,1.5691057262391757,1.697744006082841,1.436095,-0.1330107262391757,-0.2616490060828411,1.47220272,0.0361077200000001,91.76,287.1430601872,102.65429623102528,141.36353562758543
2024-12-10T14:30:00Z,197.64,1.423846,0.0,1.5691057262391757,1.697744006082841,1.423846,-0.1452597262391757,-0.2738980060828411,1.45095476,0.0271087599999999,160.58,285.76204812079993,101.27328416462525,139.98252356118542
2024-12-10T14:45:00Z,197.64,1.41898,0.0,1.5691057262391757,1.697744006082841,1.41898,-0.1501257262391757,-0.2787640060828411,1.45056244,0.0315824399999999,96.59,283.4977550796,99.00899112342526,137.71823051998544
2024-12-10T15:00:00Z,200.18,1.42051,0.0,1.5691057262391757,1.697744006082841,1.42051,-0.1485957262391757,-0.2772340060828411,1.45681436,0.0363043600000001,189.83,291.2493484588,102.77505595797778,141.15755412373503
2024-12-10T15:15:00Z,200.18,1.433115,0.0,1.5691057262391757,1.697744006082841,1.433115,-0.1359907262391757,-0.2646290060828411,1.47069726,0.0375822599999999,224.65,295.32381540899996,106.84952290817773,145.232021073935
2024-12-10T15:30:00Z,200.18,1.460584,0.0,1.5691057262391757,1.697744006082841,1.460584,-0.1085217262391755,-0.2371600060828409,1.50916556,0.0485815599999999,230.63,303.5840703028,115.10977780197778,153.49227596773503
2024-12-10T15:45:00Z,200.18,1.510167,0.0,1.5691057262391757,1.697744006082841,1.510167,-0.0589387262391756,-0.187577006082841,1.55588335,0.0457163499999999,223.48,312.521919958,124.04762745717775,162.430125622935
2024-12-10T16:00:00Z,202.38,1.581935,0.0,1.5691057262391757,1.697744006082841,1.581935,0.0128292737608244,-0.1158090060828409,1.62538239,0.0434473899999998,230.51,330.1670631688999,138.24073807035157,176.34023202045276
2024-12-10T16:15:00Z,202.38,1.671146,0.0,1.5691057262391757,1.697744006082841,1.671146,0.1020402737608243,-0.026598006082841,1.71692314,0.0457771399999999,242.71,349.31709712939994,157.39077203085154,195.49026598095276
2024-12-10T16:30:00Z,202.38,1.770855,0.0,1.5691057262391757,1.697744006082841,1.770855,0.2017492737608244,0.073110993917159,1.82417584,0.05332084,258.29,372.1578746636,180.2315495650516,218.33104351515277
2024-12-10T16:45:00Z,202.38,1.87343,0.0,1.5691057262391757,1.697744006082841,1.87343,0.3043242737608242,0.1756859939171589,1.91935326,0.0459232600000001,311.4,393.445266564,201.51894146545158,239.61843541555277
2024-12-10T17:00:00Z,181.0,1.9724489999999997,0.0,1.5691057262391757,1.697744006082841,1.9724489999999997,0.403343273760824,0.2747049939171586,2.02528968,0.0528406800000005,229.1,369.11906878800005,210.74022411644523,251.59000448960398
2024-12-10T17:15:00Z,181.0,2.062206,0.0,1.5691057262391757,1.697744006082841,2.062206,0.4931002737608245,0.3644619939171591,2.10127409,0.0390680899999997,218.79,381.80699341109994,223.42814873954512,264.2779291127039
2024-12-10T17:30:00Z,181.0,2.139455,0.0,1.5691057262391757,1.697744006082841,2.139455,0.5703492737608242,0.4417109939171588,2.19060837,0.0511533700000002,238.75,399.45422208750006,241.07537741594518,281.92515778910393
2024-12-10T17:45:00Z,181.0,2.20148,0.0,1.5691057262391757,1.697744006082841,2.20148,0.6323742737608244,0.5037359939171591,2.25528586,0.0538058599999997,223.04,410.46873901439994,252.0898943428451,292.9396747160038
2024-12-10T18:00:00Z,180.17,2.243994,0.0,1.5691057262391757,1.697744006082841,2.243994,0.6748882737608242,0.5462499939171588,2.29956649,0.0555724900000003,257.91,418.63309987590003,261.5566129571237,302.5131631025527
2024-12-10T18:15:00Z,180.17,2.262982,0.0,1.5691057262391757,1.697744006082841,2.262982,0.6938762737608244,0.565237993917159,2.30791401,0.0449320100000001,226.03,417.8774491603,260.8009622415237,301.75751238695267
2024-12-10T18:30:00Z,180.17,2.253591,0.0,1.5691057262391757,1.697744006082841,2.253591,0.6844852737608245,0.5558469939171591,2.3048313,0.0512402999999999,205.29,416.548611657,259.47212473822367,300.42867488365266
2024-12-10T18:45:00Z,180.17,2.2115089999999995,0.0,1.5691057262391757,1.697744006082841,2.2115089999999995,0.6424032737608238,0.5137649939171585,2.25410527,0.0425962700000006,197.16,406.8458571232,249.7693702044237,290.7259203498527
2024-12-10T19:00:00Z,166.6,2.137123,0.0,1.0979940165499635,1.164037193310849,2.137123,1.0391289834500363,0.9730858066891508,2.18471336,0.04759036,299.57,370.3013359452,272.2065505066263,294.39447056939946
2024-12-10T19:15:00Z,166.6,2.039428,0.0,1.0979940165499635,1.164037193310849,2.039428,0.9414339834500364,0.8753908066891509,2.08084924,0.04142124,209.11,348.4303002964,250.3355148578262,272.5234349205995
2024-12-10T19:30:00Z,166.6,1.934303,0.0,1.0979940165499635,1.164037193310849,1.934303,0.8363089834500366,0.770265806689151,1.9701828,0.0358797999999997,236.3,330.73327653999996,232.6384911014262,254.82641116419947
2024-12-10T19:45:00Z,166.6,1.835441,0.0,1.0979940165499635,1.164037193310849,1.835441,0.7374469834500366,0.671403806689151,1.87376221,0.0383212099999998,167.2,312.19177691199997,214.09699147342624,236.28491153619953
2024-12-10T20:00:00Z,151.15,1.754161,0.0,1.0979940165499635,1.164037193310849,1.754161,0.6561669834500365,0.590123806689151,1.79125332,0.0370923199999999,840.63,296.3223521115999,215.19157422872314,238.39986137245205
2024-12-10T20:15:00Z,151.15,1.6866200000000002,0.0,1.0979940165499635,1.164037193310849,1.6866200000000002,0.5886259834500367,0.5225828066891511,1.72287197,0.0362519699999996,474.31,272.12728489069985,190.99650700782303,214.204794151552
2024-12-10T20:30:00Z,151.15,1.6258709999999996,0.0,1.0979940165499635,1.164037193310849,1.6258709999999996,0.5278769834500361,0.4618338066891505,1.67072359,0.0448525900000003,201.41,254.7841618019,173.65338391902318,196.86167106275215
2024-12-10T20:45:00Z,151.15,1.564518,0.0,1.0979940165499635,1.164037193310849,1.564518,0.4665239834500365,0.400480806689151,1.61450076,0.04998276,155.65,244.25671229400004,163.1259344111232,186.33422155485218
2024-12-10T21:00:00Z,137.94,1.496644,0.0,1.0979940165499635,1.164037193310849,1.496644,0.3986499834500365,0.332606806689151,1.55035669,0.05371269,315.66,223.4020210854,156.7757441611482,180.85646166988846
2024-12-10T21:15:00Z,137.94,1.422697,0.0,1.0979940165499635,1.164037193310849,1.422697,0.3247029834500365,0.258659806689151,1.46092953,0.0382325299999999,427.49,212.59084842969997,145.9645715054482,170.04528901418843
2024-12-10T21:30:00Z,137.94,1.344329,0.0,1.0979940165499635,1.164037193310849,1.344329,0.2463349834500365,0.180291806689151,1.38480495,0.0404759499999998,403.2,201.75664529999995,135.13036837574813,159.2110858844884
2024-12-10T21:45:00Z,137.94,1.261596,0.0,1.0979940165499635,1.164037193310849,1.261596,0.1636019834500364,0.0975588066891508,1.29885441,0.0372584099999999,253.16,183.45689131559996,116.83061439134818,140.9113319000884
2024-12-10T22:00:00Z,121.37,1.177469,0.0,1.0979940165499635,1.164037193310849,1.177469,0.0794749834500365,0.013431806689151,1.20516393,0.02769493,86.97,145.31804059210003,96.88552452208111,122.06057746974926
2024-12-10T22:15:00Z,121.37,1.091727,0.0,1.0979940165499635,1.164037193310849,1.091727,-0.0062670165499636,-0.0723101933108492,1.1194459,0.0277189000000002,86.54,134.90169959600001,86.46918352598112,111.64423647364923
2024-12-10T22:30:00Z,121.37,1.006406,0.0,1.0979940165499635,1.164037193310849,1.006406,-0.0915880165499636,-0.1576311933108491,1.03209901,0.0256930100000001,82.69,124.2720512169,75.8395351468811,101.01458809454924
2024-12-10T22:45:00Z,121.37,0.921585,0.0,1.0979940165499635,1.164037193310849,0.921585,-0.1764090165499635,-0.2424521933108491,0.94921149,0.02762649,65.95,113.6747384655,65.24222239548111,90.41727534314923
2024-12-10T23:00:00Z,115.94,0.8415999999999999,0.0,1.0979940165499635,1.164037193310849,0.8415999999999999,-0.2563940165499636,-0.3224371933108492,0.87302462,0.0314246200000001,60.28,99.4693800936,56.99897153344742,82.53263893092715
2024-12-10T23:15:00Z,115.94,0.764588,0.0,1.0979940165499635,1.164037193310849,0.764588,-0.3334060165499635,-0.399449193310849,0.79208915,0.0275011499999999,102.59,91.46767569849999,48.99726713834741,74.53093453582714
2024-12-10T23:30:00Z,115.94,0.6970970000000001,0.0,1.0979940165499635,1.164037193310849,0.6970970000000001,-0.4008970165499634,-0.466940193310849,0.7240217,0.0269246999999999,86.42,83.148258754,40.677850193847426,66.21151759132715
2024-12-10T23:45:00Z,115.94,0.639813,0.0,1.0979940165499635,1.164037193310849,0.639813,-0.4581810165499635,-0.5242241933108491,0.66785832,0.02804532,81.0,76.45159014,33.981181579847416,59.51484897732714
2024-12-11T00:00:00Z,108.22,0.596988,0.0,1.0979940165499635,1.164037193310849,0.596988,-0.5010060165499636,-0.5670491933108491,0.6216064,0.0246184,227.83,70.21485143199999,36.220956679613124,62.2644774016869
2024-12-11T00:15:00Z,108.22,0.5665779999999999,0.0,1.0979940165499635,1.164037193310849,0.5665779999999999,-0.5314160165499636,-0.5974591933108492,0.58913886,0.0225608600000001,90.58,63.3586338588,29.364739106413133,55.4082598284869
2024-12-11T00:30:00Z,108.22,0.546262,0.0,1.0979940165499635,1.164037193310849,0.546262,-0.5517320165499635,-0.6177751933108491,0.5653264,0.0190643999999999,90.8,60.84752115999999,26.853626407613127,52.8971471296869
2024-12-11T00:45:00Z,108.22,0.532524,0.0,1.0979940165499635,1.164037193310849,0.532524,-0.5654700165499635,-0.6315131933108491,0.55086305,0.01833905,89.62,59.273292940999994,25.279398188613133,51.3229189106869
2024-12-11T01:00:00Z,107.31,0.523267,0.0,1.0979940165499635,1.164037193310849,0.523267,-0.5747270165499635,-0.6407701933108491,0.54307494,0.0198079399999999,188.27,59.88102263379999,26.886302436473585,52.989922449399764
2024-12-11T01:15:00Z,107.31,0.516473,0.0,1.0979940165499635,1.164037193310849,0.516473,-0.5815210165499636,-0.6475641933108491,0.53774202,0.02126902,89.01,57.315873100199994,24.321152902873592,50.424772915799764
2024-12-11T01:30:00Z,107.31,0.5133139999999999,0.0,1.0979940165499635,1.164037193310849,0.5133139999999999,-0.5846800165499636,-0.6507231933108492,0.53447208,0.02115808,91.52,57.020112821599994,24.025392624273593,50.12901263719977
2024-12-11T01:45:00Z,107.31,0.509672,0.0,1.0979940165499635,1.164037193310849,0.509672,-0.5883220165499635,-0.6543651933108491,0.52924196,0.0195699599999999,86.1,56.37787587599999,23.383155678673592,49.48677569159976
2024-12-11T02:00:00Z,106.17,0.506566,0.0,1.0979940165499635,1.164037193310849,0.506566,-0.5914280165499636,-0.6574711933108491,0.52639401,0.01982801,92.3,55.61223754299999,23.86923052454055,50.04813975897414
2024-12-11T02:15:00Z,106.17,0.50541,0.0,1.0979940165499635,1.164037193310849,0.50541,-0.5925840165499635,-0.6586271933108491,0.52702428,0.0216142799999999,119.98,56.25266101439999,24.509653995940546,50.68856323037413
2024-12-11T02:30:00Z,106.17,0.504285,0.0,1.0979940165499635,1.164037193310849,0.504285,-0.5937090165499636,-0.6597521933108491,0.529403,0.0251179999999999,121.54,56.59278016999999,24.849773151540546,51.028682385974136
2024-12-11T02:45:00Z,106.17,0.507217,0.0,1.0979940165499635,1.164037193310849,0.507217,-0.5907770165499635,-0.6568201933108491,0.5300186,0.0228015999999999,78.26,55.635682106,23.89267508754055,50.071584321974136
2024-12-11T03:00:00Z,108.69,0.512308,0.0,1.0979940165499635,1.164037193310849,0.512308,-0.5856860165499636,-0.6517291933108491,0.53541308,0.02310508,80.82,57.5501090856,23.040157145434648,49.052637574430804
2024-12-11T03:15:00Z,108.69,0.5211279999999999,0.0,1.0979940165499635,1.164037193310849,0.5211279999999999,-0.5768660165499636,-0.6429091933108492,0.54483802,0.0237100200000001,82.34,58.593685366799996,24.083733426634655,50.09621385563081
2024-12-11T03:30:00Z,108.69,0.5310039999999999,0.0,1.0979940165499635,1.164037193310849,0.5310039999999999,-0.5669900165499636,-0.6330331933108492,0.55590984,0.02490584,133.44,61.03826004959999,26.52830810943464,52.54078853843079
2024-12-11T03:45:00Z,108.69,0.542143,0.0,1.0979940165499635,1.164037193310849,0.542143,-0.5558510165499635,-0.621894193310849,0.5673956,0.0252525999999999,72.77,60.763154372,26.253202431834648,52.26568286083081
2024-12-11T04:00:00Z,125.31,0.5544939999999999,0.0,1.0979940165499635,1.164037193310849,0.5544939999999999,-0.5435000165499636,-0.6095431933108492,0.58054683,0.02605283,63.0,71.12497143,18.36635893477425,43.28120176600448
2024-12-11T04:15:00Z,125.31,0.5800949999999999,0.0,1.0979940165499635,1.164037193310849,0.5800949999999999,-0.5178990165499636,-0.5839421933108492,0.60840765,0.02831265,227.73,79.13934423449999,26.38073173927424,51.29557457050447
2024-12-11T04:30:00Z,125.31,0.6313449999999999,0.0,1.0979940165499635,1.164037193310849,0.6313449999999999,-0.4666490165499636,-0.5326921933108492,0.66269563,0.03135063,292.6,88.287036288,35.52842379277425,60.44326662400448
2024-12-11T04:45:00Z,125.31,0.721026,0.0,1.0979940165499635,1.164037193310849,0.721026,-0.3769680165499636,-0.4430111933108491,0.75585513,0.0348291300000001,91.58,93.54141978540001,40.78280729017426,65.6976501214045
2024-12-11T05:00:00Z,163.42,0.8562899999999999,0.0,1.0979940165499635,1.164037193310849,0.8562899999999999,-0.2417040165499636,-0.3077471933108492,0.89611663,0.03982663,336.79,153.34812251769998,58.74495805175514,81.14289541662802
2024-12-11T05:15:00Z,163.42,1.021368,0.0,1.0979940165499635,1.164037193310849,1.021368,-0.0766260165499634,-0.142669193310849,1.07101638,0.04964838,342.87,183.9348986106,89.33173414465517,111.72967150952805
2024-12-11T05:30:00Z,163.42,1.1934969999999998,0.0,1.0979940165499635,1.164037193310849,1.1934969999999998,0.0955029834500362,0.0294598066891507,1.24863942,0.0551424200000001,106.29,200.90236756179996,106.29920309585512,128.697140460728
2024-12-11T05:45:00Z,163.42,1.3506859999999998,0.0,1.0979940165499635,1.164037193310849,1.3506859999999998,0.2526919834500363,0.1866488066891507,1.41727196,0.0665859600000002,200.0,234.04629812,139.44313365405515,161.84107101892803
2024-12-11T06:00:00Z,295.5,1.475464,0.0,1.0979940165499635,1.164037193310849,1.475464,0.3774699834500366,0.311426806689151,1.55333872,0.0778747199999998,67.26,441.2374656672,201.61125149533598,215.28620607363112
2024-12-11T06:15:00Z,295.5,1.570596,0.0,1.0979940165499635,1.164037193310849,1.570596,0.4726019834500365,0.406558806689151,1.64383197,0.0732359699999998,333.92,488.56607310239997,248.93985893053593,262.61481350883105
2024-12-11T06:30:00Z,295.5,1.642551,0.0,1.0979940165499635,1.164037193310849,1.642551,0.5445569834500366,0.478513806689151,1.71826171,0.0757107099999998,450.1,519.451211071,279.8249968991359,293.499951477431
2024-12-11T06:45:00Z,295.5,1.698503,0.0,1.0979940165499635,1.164037193310849,1.698503,0.6005089834500366,0.534465806689151,1.78152916,0.0830261599999999,458.27,539.9560348432,300.32982067133594,314.00477524963105
2024-12-11T07:00:00Z,368.97,1.744691,0.0,1.5691057262391757,1.697744006082841,1.744691,0.1755852737608243,0.0469469939171589,1.83309835,0.08840735,503.46,688.248202701,234.92455466826732,251.59419757921228
2024-12-11T07:15:00Z,368.97,1.779721,0.0,1.5691057262391757,1.697744006082841,1.779721,0.2106152737608244,0.081976993917159,1.87233943,0.0926184299999999,581.53,710.5240529679,257.2004049351673,273.87004784611224
2024-12-11T07:30:00Z,368.97,1.799183,0.0,1.5691057262391757,1.697744006082841,1.799183,0.2300772737608243,0.1014389939171589,1.90109918,0.1019161800000001,573.34,722.2771741512001,268.9535261184674,285.62316902941234
2024-12-11T07:45:00Z,368.97,1.801301,0.0,1.5691057262391757,1.697744006082841,1.801301,0.2321952737608243,0.103556993917159,1.89232633,0.0910253299999999,568.29,716.3548147557001,263.0311667229672,279.70080963391223
2024-12-11T08:00:00Z,377.12,1.7833869999999998,0.0,1.5691057262391757,1.697744006082841,1.7833869999999998,0.2142812737608241,0.0856429939171588,1.87178414,0.0883971400000001,658.96,730.8010848144,264.689225112818,280.31046604303714
2024-12-11T08:15:00Z,377.12,1.7531659999999998,0.0,1.5691057262391757,1.697744006082841,1.7531659999999998,0.1840602737608241,0.0554219939171587,1.84768619,0.0945201900000001,795.5,736.344773065,270.232913363418,285.8541542936371
2024-12-11T08:30:00Z,377.12,1.7159019999999998,0.0,1.5691057262391757,1.697744006082841,1.7159019999999998,0.1467962737608241,0.0181579939171587,1.80807436,0.0921723600000001,743.65,715.644937754,249.53307805241803,265.1543189826371
2024-12-11T08:45:00Z,377.12,1.6825899999999998,0.0,1.5691057262391757,1.697744006082841,1.6825899999999998,0.1134842737608241,-0.0151540060828412,1.78237671,0.0997867100000002,750.54,709.4322581234001,243.32039842181808,258.9416393520372
2024-12-11T09:00:00Z,348.64,1.658478,0.0,1.5691057262391757,1.697744006082841,1.658478,0.0893722737608242,-0.0392660060828411,1.74159363,0.08311563,742.51,639.9259563512999,218.5022277330097,237.7870868731764
2024-12-11T09:15:00Z,348.64,1.642932,0.0,1.5691057262391757,1.697744006082841,1.642932,0.0738262737608244,-0.0548120060828409,1.70782794,0.0648959399999999,808.65,625.2699143609999,203.8461857427097,223.13104488287644
2024-12-11T09:30:00Z,348.64,1.6359689999999998,0.0,1.5691057262391757,1.697744006082841,1.6359689999999998,0.0668632737608241,-0.0617750060828412,1.69100694,0.0550379400000002,879.91,618.7926659454001,197.36893732710985,216.65379646727655
2024-12-11T09:45:00Z,348.64,1.637501,0.0,1.5691057262391757,1.697744006082841,1.637501,0.0683952737608244,-0.0602430060828409,1.68934909,0.05184809,800.73,612.4146697456999,190.99094112740977,210.2758002675765
2024-12-11T10:00:00Z,379.99,1.645875,0.0,1.5691057262391757,1.697744006082841,1.645875,0.0767692737608243,-0.051869006082841,1.70515875,0.05928375,1013.39,685.4936006625001,214.87840752661157,230.13045659367938
2024-12-11T10:15:00Z,379.99,1.6598179999999998,0.0,1.5691057262391757,1.697744006082841,1.6598179999999998,0.0907122737608241,-0.0379260060828412,1.72946531,0.0696473100000001,1025.6,702.1445229560001,231.5293298201116,246.78137888717941
2024-12-11T10:30:00Z,379.99,1.679844,0.0,1.5691057262391757,1.697744006082841,1.679844,0.1107382737608242,-0.0179000060828411,1.75135711,0.0715131100000001,1374.34,736.6072491574001,265.99205602151164,281.2441050885795
2024-12-11T10:45:00Z,379.99,1.70609,0.0,1.5691057262391757,1.697744006082841,1.70609,0.1369842737608244,0.008345993917159,1.7843879,0.0782978999999999,1280.05,748.522365995,277.9071728591115,293.15922192617927
2024-12-11T11:00:00Z,385.87,1.736391,0.0,1.5691057262391757,1.697744006082841,1.736391,0.1672852737608243,0.0386469939171589,1.81794559,0.0815545899999998,98.32,678.0396424588,198.19810765262523,212.69376363421225
2024-12-11T11:15:00Z,385.87,1.7640809999999998,0.0,1.5691057262391757,1.697744006082841,1.7640809999999998,0.1949752737608241,0.0663369939171587,1.84855778,0.0844767800000001,96.37,688.8469627585998,209.00542795242518,223.50108393401217
2024-12-11T11:30:00Z,385.87,1.780465,0.0,1.5691057262391757,1.697744006082841,1.780465,0.2113592737608243,0.0827209939171589,1.85938726,0.0789222600000001,197.71,702.6317495746,222.79021476842524,237.28587075001226
2024-12-11T11:45:00Z,385.87,1.779499,0.0,1.5691057262391757,1.697744006082841,1.779499,0.2103932737608242,0.0817549939171589,1.85840195,0.07890295,1407.65,797.7230166974999,317.88148189132517,332.3771378729123
2024-12-11T12:00:00Z,404.91,1.7551280000000002,0.0,1.5691057262391757,1.697744006082841,1.7551280000000002,0.1860222737608245,0.0573839939171592,1.83499156,0.0798635599999997,1333.89,817.1980825283997,307.480774694631,319.52715782799464
2024-12-11T12:15:00Z,404.91,1.713536,0.0,1.5691057262391757,1.697744006082841,1.713536,0.1444302737608243,0.0157919939171589,1.7935247,0.0799887000000001,2480.78,892.2622289460003,382.5449211122316,394.5913042455952
2024-12-11T12:30:00Z,404.91,1.662511,0.0,1.5691057262391757,1.697744006082841,1.662511,0.0934052737608244,-0.0352330060828409,1.72773239,0.0652213899999998,2509.4,836.8338850759997,327.11657724223085,339.1629603755945
2024-12-11T12:45:00Z,404.91,1.612066,0.0,1.5691057262391757,1.697744006082841,1.612066,0.0429602737608243,-0.085678006082841,1.66804375,0.05597775,1832.97,755.3471804775,245.62987264373135,257.676255777095
2024-12-11T13:00:00Z,371.96,1.567845,0.0,1.5691057262391757,1.697744006082841,1.567845,-0.0012607262391757,-0.1298990060828411,1.62903867,0.0611936699999999,1521.43,676.2775115480997,218.26223739391202,234.5472518481244
2024-12-11T13:15:00Z,371.96,1.531656,0.0,1.5691057262391757,1.697744006082841,1.531656,-0.0374497262391757,-0.1660880060828411,1.59572767,0.0640716700000001,1739.6,681.1738428920002,223.15856873781235,239.44358319202473
2024-12-11T13:30:00Z,371.96,1.502143,0.0,1.5691057262391757,1.697744006082841,1.502143,-0.0669627262391756,-0.195601006082841,1.56520487,0.06306187,2107.58,691.6450462546001,233.6297721004122,249.9147865546246
2024-12-11T13:45:00Z,371.96,1.476527,0.0,1.5691057262391757,1.697744006082841,1.476527,-0.0925787262391757,-0.2212170060828411,1.53712834,0.06060134,2136.84,678.7043502856,220.68907613141218,236.9740905856246
2024-12-11T14:00:00Z,380.94,1.4553489999999998,0.0,1.5691057262391757,1.697744006082841,1.4553489999999998,-0.1137567262391758,-0.2423950060828412,1.5137322,0.0583832000000001,1950.5,668.27707966,196.17123608418453,211.30107878540082
2024-12-11T14:15:00Z,380.94,1.439315,0.0,1.5691057262391757,1.697744006082841,1.439315,-0.1297907262391757,-0.2584290060828411,1.50269845,0.0633834500000001,2146.36,684.3363578420001,212.2305142661846,227.3603569674009
2024-12-11T14:30:00Z,380.94,1.427031,0.0,1.5691057262391757,1.697744006082841,1.427031,-0.1420747262391757,-0.2707130060828411,1.49116028,0.0641292799999999,1767.3,656.9488656839998,184.8430221081842,199.97286480940048
2024-12-11T14:45:00Z,380.94,1.42213,0.0,1.5691057262391757,1.697744006082841,1.42213,-0.1469757262391757,-0.2756140060828411,1.48822656,0.06609656,1796.85,660.5118060359999,188.40596246018436,203.53580516140067
2024-12-11T15:00:00Z,437.87,1.42366,0.0,1.5691057262391757,1.697744006082841,1.42366,-0.1454457262391757,-0.2740840060828411,1.48180776,0.0581477599999999,1782.79,727.0432492503998,165.60821667978792,173.41468210950433
2024-12-11T15:15:00Z,437.87,1.4362649999999997,0.0,1.5691057262391757,1.697744006082841,1.4362649999999997,-0.1328407262391759,-0.2614790060828413,1.49456086,0.0582958600000003,1793.81,733.4690521766004,172.03401960598853,179.84048503570494
2024-12-11T15:30:00Z,437.87,1.463839,0.0,1.5691057262391757,1.697744006082841,1.463839,-0.1052667262391757,-0.2339050060828411,1.51791373,0.0540747300000001,2302.53,765.4798709969002,204.04483842628832,211.85130385600473
2024-12-11T15:45:00Z,437.87,1.513562,0.0,1.5691057262391757,1.697744006082841,1.513562,-0.0555437262391755,-0.1841820060828409,1.57220245,0.0586404499999999,2729.98,822.8306486309998,261.3956160603879,269.2020814901043
2024-12-11T16:00:00Z,445.08,1.5855049999999995,0.0,1.5691057262391757,1.697744006082841,1.5855049999999995,0.0163992737608238,-0.1122390060828415,1.63847834,0.0529733400000005,2470.16,836.529190934401,263.78090607760464,270.6598895096483
2024-12-11T16:15:00Z,445.08,1.674926,0.0,1.5691057262391757,1.697744006082841,1.674926,0.1058202737608242,-0.0228180060828411,1.73701506,0.0620890600000001,4281.68,1011.3215505008004,438.57326564400404,445.4522490760477
2024-12-11T16:30:00Z,445.08,1.774915,0.0,1.5691057262391757,1.697744006082841,1.774915,0.2058092737608243,0.0771709939171589,1.83643479,0.0615197899999999,5359.16,1119.6735659763995,546.9252811196031,553.8042645516466
2024-12-11T16:45:00Z,445.08,1.877805,0.0,1.5691057262391757,1.697744006082841,1.877805,0.3086992737608243,0.1800609939171589,1.93602213,0.05821713,5220.1,1139.672689713,566.9244048562036,573.8033882882472
2024-12-11T17:00:00Z,359.92,1.977139,0.0,1.5691057262391757,1.697744006082841,1.977139,0.4080332737608243,0.2793949939171589,2.03436439,0.0572253899999999,5030.64,999.4922048295995,560.3689636193313,578.2027829628614
2024-12-11T17:15:00Z,359.92,2.067211,0.0,1.5691057262391757,1.697744006082841,2.067211,0.4981052737608242,0.3694669939171588,2.1345308,0.0673197999999999,4197.0,1026.5717837199995,587.4485425097314,605.2823618532615
2024-12-11T17:30:00Z,359.92,2.144705,0.0,1.5691057262391757,1.697744006082841,2.144705,0.5755992737608244,0.446960993917159,2.21816706,0.0734620599999997,4930.29,1134.1114833973986,694.9882421871305,712.8220615306606
2024-12-11T17:45:00Z,359.92,2.206975,0.0,1.5691057262391757,1.697744006082841,2.206975,0.6378692737608243,0.5092309939171589,2.27333212,0.0663571200000001,4675.77,1104.6050729824005,665.4818317721324,683.3156511156625
2024-12-11T18:00:00Z,341.25,2.249664,0.0,1.5691057262391757,1.697744006082841,2.249664,0.6805582737608245,0.5519199939171591,2.32135251,0.0716885099999999,4674.43,1102.8007617992996,692.9727244979169,713.2082205261282
2024-12-11T18:15:00Z,341.25,2.268757,0.0,1.5691057262391757,1.697744006082841,2.268757,0.6996512737608243,0.5710129939171589,2.34289541,0.0741384100000002,110.0,782.3685513500001,372.54051404861724,392.77601007682864
2024-12-11T18:30:00Z,341.25,2.259401,0.0,1.5691057262391757,1.697744006082841,2.259401,0.6902952737608243,0.561656993917159,2.33518777,0.0757867700000001,91.45,777.9512913665001,368.1232540651173,388.3587500933287
2024-12-11T18:45:00Z,341.25,2.217249,0.0,1.5691057262391757,1.697744006082841,2.217249,0.6481432737608241,0.5195049939171588,2.2933836,0.0761346,109.0,764.9348926499999,355.10685534861716,375.34235137682856
2024-12-11T19:00:00Z,206.82,2.1426529999999997,0.0,1.0979940165499635,1.164037193310849,2.1426529999999997,1.0446589834500362,0.9786158066891506,2.218269,0.0756160000000001,81.8,449.32888225999994,307.07277747578667,326.60444096923715
2024-12-11T19:15:00Z,206.82,2.044748,0.0,1.0979940165499635,1.164037193310849,2.044748,0.9467539834500364,0.8807108066891507,2.10455801,0.05981001,487.58,452.05694603579997,309.8008412515867,329.3325047450371
2024-12-11T19:30:00Z,206.82,1.9393429999999996,0.0,1.0979940165499635,1.164037193310849,1.9393429999999996,0.8413489834500361,0.7753058066891505,2.00304481,0.0637018100000004,65.44,405.26356570639996,263.0074609221867,282.5391244156371
2024-12-11T19:45:00Z,206.82,1.840236,0.0,1.0979940165499635,1.164037193310849,1.840236,0.7422419834500364,0.6761988066891509,1.89827842,0.05804242,56.23,383.8613347966,241.60523001238673,261.1368935058372
2024-12-11T20:00:00Z,171.2,1.758746,0.0,1.0979940165499635,1.164037193310849,1.758746,0.6607519834500364,0.5947088066891508,1.81484847,0.0561024700000001,95.13,306.43434317109995,203.28878525639644,225.17290670606963
2024-12-11T20:15:00Z,171.2,1.69103,0.0,1.0979940165499635,1.164037193310849,1.69103,0.5930359834500365,0.5269928066891509,1.73911779,0.04808779,66.86,292.7194856394,189.57392772469643,211.45804917436965
2024-12-11T20:30:00Z,171.2,1.630106,0.0,1.0979940165499635,1.164037193310849,1.630106,0.5321119834500365,0.4660688066891509,1.68483638,0.0547303799999998,63.16,282.53091800079994,179.38536008609643,201.26948153576964
2024-12-11T20:45:00Z,171.2,1.5685779999999998,0.0,1.0979940165499635,1.164037193310849,1.5685779999999998,0.4705839834500362,0.4045408066891507,1.62253253,0.0539545300000001,56.86,271.6084081758,168.46285026109638,190.3469717107696
2024-12-11T21:00:00Z,150.0,1.500529,0.0,1.0979940165499635,1.164037193310849,1.500529,0.4025349834500364,0.3364918066891509,1.55509565,0.0545666499999999,714.87,264.0874110854999,184.21932632165556,207.50356311865954
2024-12-11T21:15:00Z,150.0,1.4264069999999998,0.0,1.0979940165499635,1.164037193310849,1.4264069999999998,0.3284129834500362,0.2623698066891506,1.48092931,0.0545223100000002,167.98,223.1197076338,143.25162286995567,166.53585966695962
2024-12-11T21:30:00Z,150.0,1.3478290000000002,0.0,1.0979940165499635,1.164037193310849,1.3478290000000002,0.2498349834500366,0.183791806689151,1.3961693,0.0483402999999997,225.8,213.08958973999995,133.2215049761556,156.50574177315957
2024-12-11T21:45:00Z,150.0,1.264851,0.0,1.0979940165499635,1.164037193310849,1.264851,0.1668569834500364,0.1008138066891508,1.30818601,0.04333501,93.13,193.7634394813,113.89535471745565,137.17959151445962
2024-12-11T22:00:00Z,135.96,1.180479,0.0,1.0979940165499635,1.164037193310849,1.180479,0.0824849834500365,0.0164418066891509,1.22404968,0.0435706799999999,87.48,164.3094879264,99.85723915491714,124.06872215364393
2024-12-11T22:15:00Z,135.96,1.0944919999999998,0.0,1.0979940165499635,1.164037193310849,1.0944919999999998,-0.0035020165499637,-0.0695451933108493,1.13333462,0.0388426200000002,79.04,151.8772530048,87.42500423331714,111.63648723204393
2024-12-11T22:30:00Z,135.96,1.008926,0.0,1.0979940165499635,1.164037193310849,1.008926,-0.0890680165499635,-0.1551111933108491,1.04528843,0.03636243,70.89,139.7513116227,75.29906285121714,99.51054584994394
2024-12-11T22:45:00Z,135.96,0.92386,0.0,1.0979940165499635,1.164037193310849,0.92386,-0.1741340165499635,-0.240177193310849,0.95978137,0.0359213699999999,73.66,128.25397371420001,63.801724942717144,88.01320794144395
2024-12-11T23:00:00Z,122.24,0.8436649999999999,0.0,1.0979940165499635,1.164037193310849,0.8436649999999999,-0.2543290165499636,-0.3203721933108492,0.88734943,0.0436844300000001,80.77,106.65800101109998,57.27023014668265,82.38782553056879
2024-12-11T23:15:00Z,122.24,0.766443,0.0,1.0979940165499635,1.164037193310849,0.766443,-0.3315510165499635,-0.3975941933108491,0.80335904,0.03691604,136.25,98.71980276999999,49.33203190558265,74.44962728946881
2024-12-11T23:30:00Z,122.24,0.698777,0.0,1.0979940165499635,1.164037193310849,0.698777,-0.3992170165499635,-0.4652601933108491,0.7302517,0.0314746999999999,163.47,90.56366968899998,41.17589882458263,66.29349420846879
2024-12-11T23:45:00Z,122.24,0.641318,0.0,1.0979940165499635,1.164037193310849,0.641318,-0.4566760165499635,-0.522719193310849,0.66462021,0.0233022099999999,75.03,80.1430771363,30.75530627188265,55.8729016557688
2024-12-12T00:00:00Z,115.3,0.598388,0.0,1.0979940165499635,1.164037193310849,0.598388,-0.4996060165499635,-0.5656491933108491,0.62198252,0.0235945199999999,84.32,70.9836263264,29.215933936839384,54.791868967446085
2024-12-12T00:15:00Z,115.3,0.567908,0.0,1.0979940165499635,1.164037193310849,0.567908,-0.5300860165499636,-0.5961291933108491,0.58976198,0.02185398,78.38,67.19270735239999,25.42501496283939,51.000949993446085
2024-12-12T00:30:00Z,115.3,0.5475220000000001,0.0,1.0979940165499635,1.164037193310849,0.5475220000000001,-0.5504720165499635,-0.616515193310849,0.56999489,0.0224728899999999,93.22,65.2242094058,23.45651701623939,49.032452046846096
2024-12-12T00:45:00Z,115.3,0.533784,0.0,1.0979940165499635,1.164037193310849,0.533784,-0.5642100165499635,-0.6302531933108491,0.55542016,0.02163616,76.59,63.202408694400006,21.434716304839405,47.01065133544609
2024-12-12T01:00:00Z,109.96,0.524492,0.0,1.0979940165499635,1.164037193310849,0.524492,-0.5735020165499636,-0.6395451933108491,0.54545913,0.02096713,193.51,61.73048964629999,25.826085305116194,51.75469089962603
2024-12-12T01:15:00Z,109.96,0.517698,0.0,1.0979940165499635,1.164037193310849,0.517698,-0.5802960165499635,-0.6463391933108491,0.53656999,0.01887199,182.69,60.3737959331,24.4693915919162,50.397997186426025
2024-12-12T01:30:00Z,109.96,0.514504,0.0,1.0979940165499635,1.164037193310849,0.514504,-0.5834900165499636,-0.6495331933108491,0.53189527,0.01739127,149.68,59.1779851336,23.273580792416197,49.20218638692603
2024-12-12T01:45:00Z,109.96,0.5108619999999999,0.0,1.0979940165499635,1.164037193310849,0.5108619999999999,-0.5871320165499636,-0.6531751933108492,0.53020343,0.0193414300000001,140.32,58.8883749776,22.98397063641621,48.91257623092604
2024-12-12T02:00:00Z,107.35,0.507756,0.0,1.0979940165499635,1.164037193310849,0.507756,-0.5902380165499636,-0.6562811933108491,0.52558584,0.0178298399999999,163.65,57.42545991599998,24.386819958011586,50.487798243867324
2024-12-12T02:15:00Z,107.35,0.5066,0.0,1.0979940165499635,1.164037193310849,0.5066,-0.5913940165499635,-0.657437193310849,0.52464205,0.0180420499999999,152.35,57.13221631749999,24.093576359511598,50.19455464536734
2024-12-12T02:30:00Z,107.35,0.50544,0.0,1.0979940165499635,1.164037193310849,0.50544,-0.5925540165499635,-0.6585971933108491,0.52387485,0.01843485,92.05,55.955911942499995,22.917271984511604,49.018250270367346
2024-12-12T02:45:00Z,107.35,0.508372,0.0,1.0979940165499635,1.164037193310849,0.508372,-0.5896220165499635,-0.655665193310849,0.52959988,0.0212278799999999,150.92,57.777445849599985,24.738805891611594,50.83978417746734
2024-12-12T03:00:00Z,112.51,0.513498,0.0,1.0979940165499635,1.164037193310849,0.513498,-0.5844960165499635,-0.6505391933108491,0.53313961,0.0196416099999999,93.6,59.612114676,20.907825592613783,46.668021086383355
2024-12-12T03:15:00Z,112.51,0.522318,0.0,1.0979940165499635,1.164037193310849,0.522318,-0.5756760165499636,-0.6417191933108491,0.54253929,0.02022129,106.83,60.926238590699995,22.22194950731378,47.98214500108335
2024-12-12T03:30:00Z,112.51,0.532194,0.0,1.0979940165499635,1.164037193310849,0.532194,-0.5658000165499636,-0.6318431933108491,0.55245241,0.02025841,97.58,61.8539625878,23.14967350441378,48.90986899818335
2024-12-12T03:45:00Z,112.51,0.543368,0.0,1.0979940165499635,1.164037193310849,0.543368,-0.5546260165499636,-0.6206691933108491,0.56004336,0.01667536,54.63,62.0453085968,23.341019513413784,49.101215007183356
2024-12-12T04:00:00Z,123.67,0.555754,0.0,1.0979940165499635,1.164037193310849,0.555754,-0.5422400165499636,-0.6082831933108491,0.57625242,0.02049842,73.15,70.229556603,19.2716542949162,44.29480793603428
2024-12-12T04:15:00Z,123.67,0.58139,0.0,1.0979940165499635,1.164037193310849,0.58139,-0.5166040165499636,-0.5826471933108491,0.60402173,0.02263173,91.12,73.9627045376,23.00480222951619,48.02795587063429
2024-12-12T04:30:00Z,123.67,0.63278,0.0,1.0979940165499635,1.164037193310849,0.63278,-0.4652140165499635,-0.5312571933108491,0.65849519,0.02571519,86.16,80.47152337039999,29.513621062316197,54.53677470343428
2024-12-12T04:45:00Z,123.67,0.722741,0.0,1.0979940165499635,1.164037193310849,0.722741,-0.3752530165499635,-0.4412961933108491,0.75150123,0.02876023,132.85,93.2021760255,42.2442737174162,67.26742735853428
2024-12-12T05:00:00Z,176.18,0.8583549999999999,0.0,1.0979940165499635,1.164037193310849,0.8583549999999999,-0.2396390165499636,-0.3056821933108492,0.89156904,0.0332140400000001,33.5,152.33765423999998,43.724086122877594,65.27931255228158
2024-12-12T05:15:00Z,176.18,1.023888,0.0,1.0979940165499635,1.164037193310849,1.023888,-0.0741060165499636,-0.1401491933108491,1.06470668,0.0408186800000001,73.39,183.3842707652,74.7707026480776,96.3259290774816
2024-12-12T05:30:00Z,176.18,1.1964719999999998,0.0,1.0979940165499635,1.164037193310849,1.1964719999999998,0.0984779834500362,0.0324348066891506,1.24645685,0.0499848500000001,102.0,215.89289165999998,107.27932354287758,128.83454997228156
2024-12-12T05:45:00Z,176.18,1.354081,0.0,1.0979940165499635,1.164037193310849,1.354081,0.2560869834500365,0.190043806689151,1.40093992,0.0468589199999998,90.09,242.7835106828,134.1699425656776,155.7251689950816
2024-12-12T06:00:00Z,599.99,1.479174,0.0,1.0979940165499635,1.164037193310849,1.479174,0.3811799834500364,0.3151368066891509,1.53345487,0.0542808699999999,464.96,912.7280415751999,338.77362930403746,332.33909699041055
2024-12-12T06:15:00Z,599.99,1.5745160000000002,0.0,1.0979940165499635,1.164037193310849,1.5745160000000002,0.4765219834500367,0.4104788066891511,1.63370412,0.0591881199999997,102.0,950.7310430800002,376.7766308088377,370.34209849521073
2024-12-12T06:30:00Z,599.99,1.646576,0.0,1.0979940165499635,1.164037193310849,1.646576,0.5485819834500365,0.4825388066891509,1.72592028,0.0793442799999999,102.0,996.0222508,422.06783852883757,415.6333062152106
2024-12-12T06:45:00Z,599.99,1.702598,0.0,1.0979940165499635,1.164037193310849,1.702598,0.6046039834500365,0.538560806689151,1.7845808,0.0819828,500.0,1062.53317402,488.57876174883756,482.1442294352107
2024-12-12T07:00:00Z,655.6,1.748786,0.0,1.5691057262391757,1.697744006082841,1.748786,0.1796802737608243,0.0510419939171589,1.83688795,0.0881019499999999,848.34,1221.2445098629998,318.1680875183323,297.96614027768743
2024-12-12T07:15:00Z,655.6,1.7838159999999998,0.0,1.5691057262391757,1.697744006082841,1.7838159999999998,0.2147102737608242,0.0860719939171588,1.87757637,0.0937603700000002,694.26,1234.5638440762,331.48742173153244,311.2854744908876
2024-12-12T07:30:00Z,655.6,1.803208,0.0,1.5691057262391757,1.697744006082841,1.803208,0.2341022737608242,0.1054639939171588,1.89884081,0.0956328100000001,911.42,1269.3448204902002,366.2683981455324,346.0664509048875
2024-12-12T07:45:00Z,655.6,1.805256,0.0,1.5691057262391757,1.697744006082841,1.805256,0.2361502737608243,0.1075119939171589,1.8982661,0.0930101000000001,931.41,1270.1563708410001,367.07994849633246,346.8780012556876
2024-12-12T08:00:00Z,646.76,1.7872719999999995,0.0,1.5691057262391757,1.697744006082841,1.7872719999999995,0.2181662737608238,0.0895279939171584,1.89008778,0.1028157800000004,888.94,1247.3330981932002,358.12757046848674,339.0627856216598
2024-12-12T08:15:00Z,646.76,1.756946,0.0,1.5691057262391757,1.697744006082841,1.756946,0.1878402737608242,0.0592019939171588,1.8506776,0.0937316000000001,745.56,1206.204926656,316.9993989312867,297.93461408445984
2024-12-12T08:30:00Z,646.76,1.7196119999999997,0.0,1.5691057262391757,1.697744006082841,1.7196119999999997,0.150506273760824,0.0218679939171586,1.80451133,0.0848993300000002,636.52,1166.2163786515998,277.01085092688663,257.9460660800598
2024-12-12T08:45:00Z,646.76,1.686195,0.0,1.5691057262391757,1.697744006082841,1.686195,0.1170892737608244,-0.0115490060828409,1.77354063,0.0873456299999999,112.5,1100.389861575,211.18433385028672,192.11954900345995
2024-12-12T09:00:00Z,543.83,1.662013,0.0,1.5691057262391757,1.697744006082841,1.662013,0.0929072737608243,-0.035731006082841,1.75968161,0.0976686099999999,711.43,973.3369090023,245.63943367938498,239.81538697686665
2024-12-12T09:15:00Z,543.83,1.646467,0.0,1.5691057262391757,1.697744006082841,1.646467,0.0773612737608242,-0.0512770060828411,1.72951628,0.08304928,588.27,944.2535485556,216.55607323268498,210.73202653016668
2024-12-12T09:30:00Z,543.83,1.639469,0.0,1.5691057262391757,1.697744006082841,1.639469,0.0703632737608244,-0.0582750060828409,1.72287861,0.0834096099999999,501.08,933.3873136488,205.68983832588503,199.86579162336673
2024-12-12T09:45:00Z,543.83,1.6410010000000002,0.0,1.5691057262391757,1.697744006082841,1.6410010000000002,0.0718952737608245,-0.0567430060828408,1.72492287,0.0839218699999999,508.16,935.0713112892001,207.3738359662851,201.54978926376677
2024-12-12T10:00:00Z,465.36,1.649375,0.0,1.5691057262391757,1.697744006082841,1.649375,0.0802692737608243,-0.048369006082841,1.74889845,0.0995234499999999,146.31,782.1144259695001,177.54467698457313,181.81487610138723
2024-12-12T10:15:00Z,465.36,1.663353,0.0,1.5691057262391757,1.697744006082841,1.663353,0.0942472737608244,-0.0343910060828409,1.75893107,0.0955780699999999,93.53,782.9973689671001,178.42761998217318,182.69781909898728
2024-12-12T10:30:00Z,465.36,1.683449,0.0,1.5691057262391757,1.697744006082841,1.683449,0.1143432737608243,-0.014295006082841,1.77766804,0.09421904,89.49,791.8414885296,187.27173954467318,191.54193866148725
2024-12-12T10:45:00Z,465.36,1.7098,0.0,1.5691057262391757,1.697744006082841,1.7098,0.1406942737608243,0.0120559939171589,1.81482504,0.1050250399999999,93.45,805.487117988,200.91736900307316,205.1875681198872
2024-12-12T11:00:00Z,404.99,1.740206,0.0,1.5691057262391757,1.697744006082841,1.740206,0.1711002737608242,0.0424619939171588,1.85063286,0.11042686,94.7,715.2234515819999,205.38061529013217,217.41670736110828
2024-12-12T11:15:00Z,404.99,1.7680360000000002,0.0,1.5691057262391757,1.697744006082841,1.7680360000000002,0.1989302737608245,0.0702919939171591,1.87330368,0.1052676799999998,98.52,726.4078714736,216.56503518173224,228.60112725270838
2024-12-12T11:30:00Z,404.99,1.78449,0.0,1.5691057262391757,1.697744006082841,1.78449,0.2153842737608242,0.0867459939171588,1.8952889,0.1107989,371.33,763.843560637,254.00072434513217,266.03681641610825
2024-12-12T11:45:00Z,404.99,1.783594,0.0,1.5691057262391757,1.697744006082841,1.783594,0.2144882737608242,0.0858499939171588,1.8937281,0.1101341,347.33,760.590611013,250.74777472113215,262.78386679210826
2024-12-12T12:00:00Z,415.3,1.7591880000000002,0.0,1.5691057262391757,1.697744006082841,1.7591880000000002,0.1900822737608245,0.0614439939171591,1.8676628,0.1084747999999997,493.8,784.1556326399999,258.13531631060624,268.8451477163942
2024-12-12T12:15:00Z,415.3,1.717526,0.0,1.5691057262391757,1.697744006082841,1.717526,0.1484202737608244,0.019781993917159,1.82153038,0.1040043799999999,407.71,755.6921735698,229.6718572404063,240.38168864619425
2024-12-12T12:30:00Z,415.3,1.6663959999999998,0.0,1.5691057262391757,1.697744006082841,1.6663959999999998,0.0972902737608241,-0.0313480060828412,1.75951789,0.0931218900000001,400.93,729.3896181576999,203.36930182830625,214.07913323409423
2024-12-12T12:45:00Z,415.3,1.615846,0.0,1.5691057262391757,1.697744006082841,1.615846,0.0467402737608242,-0.0818980060828411,1.70075816,0.08491216,347.01,700.5262124415999,174.50589611220627,185.21572751799422
2024-12-12T13:00:00Z,490.34,1.571485,0.0,1.5691057262391757,1.697744006082841,1.571485,0.0023792737608243,-0.126259006082841,1.64660894,0.0751239399999998,112.66,779.0254179803999,135.2594079540185,136.31622284033787
2024-12-12T13:15:00Z,490.34,1.5351909999999998,0.0,1.5691057262391757,1.697744006082841,1.5351909999999998,-0.0339147262391759,-0.1625530060828413,1.60661835,0.0714273500000002,133.0,762.2653924899998,118.49938246361847,119.55619734993778
2024-12-12T13:30:00Z,490.34,1.5055729999999998,0.0,1.5691057262391757,1.697744006082841,1.5055729999999998,-0.0635327262391758,-0.1921710060828412,1.56666284,0.0610898400000001,102.0,744.4738284999999,100.7078184736185,101.7646333599378
2024-12-12T13:45:00Z,490.34,1.4798870000000002,0.0,1.5691057262391757,1.697744006082841,1.4798870000000002,-0.0892187262391754,-0.2178570060828408,1.53952292,0.0596359199999998,133.0,733.5793689400001,89.81335891361867,90.87017379993796
2024-12-12T14:00:00Z,668.49,1.4586389999999998,0.0,1.5691057262391757,1.697744006082841,1.4586389999999998,-0.1104667262391758,-0.2391050060828412,1.52878463,0.0701456300000002,310.38,996.8573857494,73.55519059350938,51.69509592567968
2024-12-12T14:15:00Z,668.49,1.442535,0.0,1.5691057262391757,1.697744006082841,1.442535,-0.1265707262391757,-0.2552090060828411,1.50447858,0.0619435800000001,309.77,983.5084849266,60.20628977070942,38.34619510287973
2024-12-12T14:30:00Z,668.49,1.430181,0.0,1.5691057262391757,1.697744006082841,1.430181,-0.1389247262391757,-0.2675630060828411,1.49675266,0.0665716600000001,212.72,970.2228202052,46.92062504930941,25.060530381479712
2024-12-12T14:45:00Z,668.49,1.425245,0.0,1.5691057262391757,1.697744006082841,1.425245,-0.1438607262391755,-0.2724990060828409,1.49752689,0.0722818899999999,133.0,962.37552142,39.07332626410951,17.213231596279822
2024-12-12T15:00:00Z,818.98,1.426775,0.0,1.5691057262391757,1.697744006082841,1.426775,-0.1423307262391757,-0.2709690060828411,1.50612441,0.07934941,237.12,1187.3155215992,27.878605701575843,-13.340263699927043
2024-12-12T15:15:00Z,818.98,1.439415,0.0,1.5691057262391757,1.697744006082841,1.439415,-0.1296907262391757,-0.2583290060828411,1.52467555,0.0852605500000001,346.61,1208.4042559355,48.967340037875864,7.748470636372964
2024-12-12T15:30:00Z,818.98,1.467059,0.0,1.5691057262391757,1.697744006082841,1.467059,-0.1020467262391757,-0.2306850060828411,1.55920179,0.09214279,426.52,1240.7927226108,81.35580671317584,40.13693731167294
2024-12-12T15:45:00Z,818.98,1.516887,0.0,1.5691057262391757,1.697744006082841,1.516887,-0.0522187262391755,-0.1808570060828409,1.61000178,0.0931147799999998,133.0,1254.6843810000003,95.24746510237598,54.02859570087308
2024-12-12T16:00:00Z,936.28,1.589005,0.0,1.5691057262391757,1.697744006082841,1.589005,0.0198992737608243,-0.108739006082841,1.67778669,0.08878169,90.05,1495.7483925845,152.25537499902055,95.94723537185578
2024-12-12T16:15:00Z,936.28,1.678706,0.0,1.5691057262391757,1.697744006082841,1.678706,0.1096002737608243,-0.019038006082841,1.77086569,0.0921596899999999,175.99,1587.9580375230998,244.46501993762053,188.15688031045576
2024-12-12T16:30:00Z,936.28,1.77894,0.0,1.5691057262391757,1.697744006082841,1.77894,0.2098342737608243,0.0811959939171589,1.87509291,0.09615291,154.03,1680.3963759273,336.90335834182054,280.5952187146557
2024-12-12T16:45:00Z,936.28,1.882145,0.0,1.5691057262391757,1.697744006082841,1.882145,0.3130392737608243,0.1844009939171589,1.98649513,0.10435013,185.05,1781.5247121565,438.0316945710205,381.7235549438557
2024-12-12T17:00:00Z,674.18,1.981759,0.0,1.5691057262391757,1.697744006082841,1.981759,0.4126532737608244,0.284014993917159,2.10913771,0.1273787100000001,113.86,1350.5656225405999,418.3352158024085,395.74316932226844
2024-12-12T17:15:00Z,674.18,2.072111,0.0,1.5691057262391757,1.697744006082841,2.072111,0.5030052737608244,0.374366993917159,2.19030756,0.1181965599999999,100.34,1408.8356368103998,476.6052300722085,454.01318359206834
2024-12-12T17:30:00Z,674.18,2.14992,0.0,1.5691057262391757,1.697744006082841,2.14992,0.5808142737608242,0.4521759939171588,2.28625828,0.1363382800000003,106.09,1463.8971937251997,531.6667869870084,509.0747405068683
2024-12-12T17:45:00Z,674.18,2.2124,0.0,1.5691057262391757,1.697744006082841,2.2124,0.6432942737608245,0.5146559939171591,2.35932939,0.1469293899999999,102.82,1506.6631118798,574.4327051416086,551.8406586614684
2024-12-12T18:00:00Z,551.01,2.255264,0.0,1.5691057262391757,1.697744006082841,2.255264,0.6861582737608243,0.5575199939171589,2.40307096,0.14780696,107.88,1258.6184314848,519.6547770474878,512.9071074956919
2024-12-12T18:15:00Z,551.01,2.274497,0.0,1.5691057262391757,1.697744006082841,2.274497,0.7053912737608246,0.5767529939171592,2.41419034,0.13969334,203.27,1281.6660571918,542.7024027544879,535.9547332026921
2024-12-12T18:30:00Z,551.01,2.2651410000000003,0.0,1.5691057262391757,1.697744006082841,2.2651410000000003,0.6960352737608246,0.5673969939171593,2.39568171,0.1305407099999995,220.52,1276.9021797792,537.9385253418878,531.190855790092
2024-12-12T18:45:00Z,551.01,2.222919,0.0,1.5691057262391757,1.697744006082841,2.222919,0.6538132737608244,0.525174993917159,2.35314791,0.13022891,290.37,1262.6651667867,523.7015123493878,516.953842797592
2024-12-12T19:00:00Z,295.66,2.148148,0.0,1.0979940165499635,1.164037193310849,2.148148,1.0501539834500364,0.9841108066891509,2.26807882,0.11993082,461.17,690.4299339394,450.62804072488797,464.2924283949014
2024-12-12T19:15:00Z,295.66,2.049998,0.0,1.0979940165499635,1.164037193310849,2.049998,0.9520039834500365,0.8859608066891509,2.15778757,0.10778957,323.71,640.9949703847001,401.19307717018796,414.8574648402014
2024-12-12T19:30:00Z,295.66,1.944313,0.0,1.0979940165499635,1.164037193310849,1.944313,0.8463189834500364,0.7802758066891509,2.05015657,0.10584357,210.25,597.1091921725,357.307298957988,370.97168662800135
2024-12-12T19:45:00Z,295.66,1.844961,0.0,1.0979940165499635,1.164037193310849,1.844961,0.7469669834500365,0.680923806689151,1.94340034,0.0984393399999998,219.91,567.1289645194,327.32707130488797,340.9914589749014
2024-12-12T20:00:00Z,169.4,1.763261,0.0,1.0979940165499635,1.164037193310849,1.763261,0.6652669834500364,0.5992238066891509,1.85791253,0.0946515299999999,125.6,310.584645568,209.41547688308634,231.41847605092914
2024-12-12T20:15:00Z,169.4,1.695405,0.0,1.0979940165499635,1.164037193310849,1.695405,0.5974109834500365,0.531367806689151,1.80119033,0.10578533,88.62,296.5763029446,195.4071342596864,217.4101334275292
2024-12-12T20:30:00Z,169.4,1.6343060000000005,0.0,1.0979940165499635,1.164037193310849,1.6343060000000005,0.5363119834500369,0.4702688066891514,1.73576026,0.1014542599999994,65.86,283.5332139636,182.3640452786864,204.36704444652918
2024-12-12T20:45:00Z,169.4,1.5726380000000002,0.0,1.0979940165499635,1.164037193310849,1.5726380000000002,0.4746439834500366,0.4086008066891511,1.66905344,0.0964154399999999,42.87,270.5382071128,169.3690384278864,191.3720375957292
2024-12-12T21:00:00Z,150.0,1.504414,0.0,1.0979940165499635,1.164037193310849,1.504414,0.4064199834500364,0.3403768066891508,1.59261953,0.0882055299999999,91.77,233.75672148809997,153.88863672425563,177.17287352125962
2024-12-12T21:15:00Z,150.0,1.430082,0.0,1.0979940165499635,1.164037193310849,1.430082,0.3320879834500365,0.266044806689151,1.51866512,0.08858312,98.37,223.2262215144,143.35813675055567,166.64237354755963
2024-12-12T21:30:00Z,150.0,1.351259,0.0,1.0979940165499635,1.164037193310849,1.351259,0.2532649834500364,0.1872218066891509,1.43334884,0.08208984,199.14,219.0362207376,139.16813597375562,162.4523727707596
2024-12-12T21:45:00Z,150.0,1.268071,0.0,1.0979940165499635,1.164037193310849,1.268071,0.1700769834500364,0.1040338066891508,1.34359826,0.0755272600000001,87.65,196.830614339,116.96252957515566,140.2467663721596
2024-12-12T22:00:00Z,134.75,1.183454,0.0,1.0979940165499635,1.164037193310849,1.183454,0.0854599834500364,0.0194168066891509,1.25462987,0.07117587,200.54,173.7440354698,110.62035945834259,134.91175470095007
2024-12-12T22:15:00Z,134.75,1.097222,0.0,1.0979940165499635,1.164037193310849,1.097222,-0.0007720165499636,-0.0668151933108491,1.16732577,0.07010377,287.76,168.02372535519999,104.90004934374258,129.19144458635006
2024-12-12T22:30:00Z,134.75,1.011446,0.0,1.0979940165499635,1.164037193310849,1.011446,-0.0865480165499634,-0.152591193310849,1.07335467,0.06190867,74.12,140.8810191204,77.75734310894262,102.04873835155009
2024-12-12T22:45:00Z,134.75,0.926135,0.0,1.0979940165499635,1.164037193310849,0.926135,-0.1718590165499635,-0.237902193310849,0.98394607,0.0578110699999999,82.9,129.589228953,66.4655529415426,90.75694818415008
2024-12-12T23:00:00Z,130.07,0.8456949999999999,0.0,1.0979940165499635,1.164037193310849,0.8456949999999999,-0.2522990165499637,-0.3183421933108492,0.89033031,0.04463531,271.74,122.12874778939998,64.14368377539641,88.74416108524484
2024-12-12T23:15:00Z,130.07,0.7682630000000001,0.0,1.0979940165499635,1.164037193310849,0.7682630000000001,-0.3297310165499634,-0.3957741933108489,0.80442029,0.0361572899999999,74.9,102.636149431,44.651085416996445,69.25156272684487
2024-12-12T23:30:00Z,130.07,0.7004220000000001,0.0,1.0979940165499635,1.164037193310849,0.7004220000000001,-0.3975720165499634,-0.463615193310849,0.7337058,0.0332837999999998,78.43,93.714337974,35.72927395999644,60.32975126984485
2024-12-12T23:45:00Z,130.07,0.642823,0.0,1.0979940165499635,1.164037193310849,0.642823,-0.4551710165499635,-0.5212141933108491,0.67747249,0.0346494899999999,79.18,86.35553422819999,28.37047021419643,52.97094752404485
2024-12-13T00:00:00Z,122.9,0.599788,0.0,1.0979940165499635,1.164037193310849,0.599788,-0.4982060165499635,-0.5642491933108491,0.63243863,0.03265063,59.79,75.6661263677,25.55367945235967,50.627686339583626
2024-12-13T00:15:00Z,122.9,0.5692029999999999,0.0,1.0979940165499635,1.164037193310849,0.5692029999999999,-0.5287910165499636,-0.5948341933108492,0.5995949,0.0303919000000001,80.47,72.400684893,22.28823797765966,47.36224486488363
2024-12-13T00:30:00Z,122.9,0.5487819999999999,0.0,1.0979940165499635,1.164037193310849,0.5487819999999999,-0.5492120165499637,-0.6152551933108492,0.5792202,0.0304382,90.5,70.1999649,20.08751798465965,45.16152487188363
2024-12-13T00:45:00Z,122.9,0.535009,0.0,1.0979940165499635,1.164037193310849,0.535009,-0.5629850165499636,-0.6290281933108491,0.56669396,0.03168496,67.02,67.8761321192,17.763685203859666,42.837692091083625
2024-12-13T01:00:00Z,118.97,0.525682,0.0,1.0979940165499635,1.164037193310849,0.525682,-0.5723120165499636,-0.6383551933108491,0.55812989,0.03244789,121.86,66.4944874154,20.697156985101028,46.03071355699527
2024-12-13T01:15:00Z,118.97,0.518888,0.0,1.0979940165499635,1.164037193310849,0.518888,-0.5791060165499635,-0.6451491933108491,0.54950217,0.0306141699999999,89.79,64.4809516843,18.68362125400101,44.017177825895274
2024-12-13T01:30:00Z,118.97,0.515694,0.0,1.0979940165499635,1.164037193310849,0.515694,-0.5823000165499636,-0.6483431933108491,0.54496598,0.0292719799999999,81.82,63.74714858359999,17.94981815330102,43.283374725195266
2024-12-13T01:45:00Z,118.97,0.5120169999999999,0.0,1.0979940165499635,1.164037193310849,0.5120169999999999,-0.5859770165499636,-0.6520201933108491,0.54261623,0.03059923,72.64,63.13739055719999,17.340060126901015,42.673616698795264
2024-12-13T02:00:00Z,114.95,0.508911,0.0,1.0979940165499635,1.164037193310849,0.508911,-0.5890830165499635,-0.6551261933108491,0.53524587,0.02633487,84.98,60.7372567026,19.35386221883187,44.95291236130489
2024-12-13T02:15:00Z,114.95,0.5077550000000001,0.0,1.0979940165499635,1.164037193310849,0.5077550000000001,-0.5902390165499635,-0.656282193310849,0.53456431,0.0268093099999999,79.32,60.4929517192,19.109557235431883,44.70860737790488
2024-12-13T02:30:00Z,114.95,0.5065949999999999,0.0,1.0979940165499635,1.164037193310849,0.5065949999999999,-0.5913990165499636,-0.6574421933108492,0.53303193,0.0264369300000001,48.17,59.5065621681,18.123167684331868,43.722217826804886
2024-12-13T02:45:00Z,114.95,0.509527,0.0,1.0979940165499635,1.164037193310849,0.509527,-0.5884670165499636,-0.6545101933108491,0.53677317,0.02724617,52.86,60.010361196199995,18.626966712431873,44.22601685490488
2024-12-13T03:00:00Z,115.64,0.514653,0.0,1.0979940165499635,1.164037193310849,0.514653,-0.5833410165499635,-0.6493841933108491,0.54098366,0.0263306599999999,71.19,61.38895260539999,19.247942250212407,44.8014226007204
2024-12-13T03:15:00Z,115.64,0.523473,0.0,1.0979940165499635,1.164037193310849,0.523473,-0.5745210165499636,-0.6405641933108491,0.55021128,0.02673828,74.12,62.516259033599994,20.375248678412405,45.9287290289204
2024-12-13T03:30:00Z,115.64,0.533384,0.0,1.0979940165499635,1.164037193310849,0.533384,-0.5646100165499636,-0.6306531933108491,0.5614321,0.0280481,73.17,63.732805236999994,21.591794881812405,47.1452752323204
2024-12-13T03:45:00Z,115.64,0.544558,0.0,1.0979940165499635,1.164037193310849,0.544558,-0.5534360165499635,-0.6194791933108491,0.57183303,0.0272750299999999,84.84,65.28670066519999,23.14569031001239,48.69917066052039
2024-12-13T04:00:00Z,125.83,0.556979,0.0,1.0979940165499635,1.164037193310849,0.556979,-0.5410150165499635,-0.6070581933108491,0.58605624,0.02907724,194.3,75.73437530199999,22.404805918168282,47.285306297482855
2024-12-13T04:15:00Z,125.83,0.5826849999999999,0.0,1.0979940165499635,1.164037193310849,0.5826849999999999,-0.5153090165499636,-0.5813521933108492,0.61263364,0.02994864,81.87,75.77114870679999,22.44157932296826,47.32207970228284
2024-12-13T04:30:00Z,125.83,0.634215,0.0,1.0979940165499635,1.164037193310849,0.634215,-0.4637790165499635,-0.5298221933108491,0.66814476,0.03392976,72.56,82.26521683559999,28.935647451768283,53.81614783108285
2024-12-13T04:45:00Z,125.83,0.724386,0.0,1.0979940165499635,1.164037193310849,0.724386,-0.3736080165499635,-0.4396511933108491,0.76464915,0.04026315,82.2,94.45912130999999,41.129551926168276,66.01005230548284
2024-12-13T05:00:00Z,156.53,0.8603849999999998,0.0,1.0979940165499635,1.164037193310849,0.8603849999999998,-0.2376090165499637,-0.3036521933108492,0.907949,0.0475640000000001,321.67,149.97597593,62.9379902380844,85.7909650908398
2024-12-13T05:15:00Z,156.53,1.026373,0.0,1.0979940165499635,1.164037193310849,1.026373,-0.0716210165499635,-0.1376641933108491,1.08026936,0.0538963599999999,115.9,166.904753814,79.86676812208438,102.71974297483978
2024-12-13T05:30:00Z,156.53,1.1994469999999997,0.0,1.0979940165499635,1.164037193310849,1.1994469999999997,0.1014529834500361,0.0354098066891506,1.25962036,0.0601733600000002,117.81,194.83846245159998,107.80047675968437,130.65345161243977
2024-12-13T05:45:00Z,156.53,1.357441,0.0,1.0979940165499635,1.164037193310849,1.357441,0.2594469834500363,0.1934038066891508,1.42521384,0.0677728400000001,200.76,226.0863150884,139.0483293964844,161.9013042492398
2024-12-13T06:00:00Z,187.71,1.4828140000000003,0.0,1.0979940165499635,1.164037193310849,1.4828140000000003,0.3848199834500367,0.3187768066891512,1.55107218,0.0682581799999997,51.89,281.8809329002001,160.60749377225656,181.40124237360754
2024-12-13T06:15:00Z,187.71,1.5783660000000002,0.0,1.0979940165499635,1.164037193310849,1.5783660000000002,0.4803719834500366,0.414328806689151,1.65181299,0.0734469899999998,86.62,302.63706013380005,181.36362100585654,202.15736960720753
2024-12-13T06:30:00Z,187.71,1.6505660000000002,0.0,1.0979940165499635,1.164037193310849,1.6505660000000002,0.5525719834500367,0.4865288066891511,1.71602144,0.0654554399999998,88.41,315.61465931040004,194.34122018245657,215.13496878380755
2024-12-13T06:45:00Z,187.71,1.706658,0.0,1.0979940165499635,1.164037193310849,1.706658,0.6086639834500365,0.5426208066891509,1.77922847,0.07257047,139.7,330.494867839,209.22142871105655,230.0151773124075
2024-12-13T07:00:00Z,253.0,1.752846,0.0,1.5691057262391757,1.697744006082841,1.752846,0.1837402737608242,0.0551019939171588,1.8118572,0.0590112,78.18,448.083533616,176.72907665522447,208.31690087963932
2024-12-13T07:15:00Z,253.0,1.7878759999999998,0.0,1.5691057262391757,1.697744006082841,1.7878759999999998,0.2187702737608241,0.0901319939171587,1.83380548,0.0459294800000003,94.97,456.6945507156,185.3400937548245,216.92791797923934
2024-12-13T07:30:00Z,253.0,1.807198,0.0,1.5691057262391757,1.697744006082841,1.807198,0.2380922737608244,0.109453993917159,1.84654476,0.0393467599999999,182.53,464.4030581028,193.04860114202452,224.63642536643934
2024-12-13T07:45:00Z,253.0,1.809176,0.0,1.5691057262391757,1.697744006082841,1.809176,0.2400702737608242,0.1114319939171588,1.85058472,0.0414087200000001,189.28,465.5593705216,194.20491356082448,225.79273778523932
2024-12-13T08:00:00Z,245.74,1.791087,0.0,1.5691057262391757,1.697744006082841,1.791087,0.2219812737608244,0.093342993917159,1.8304773,0.0393902999999999,173.03,446.957422989,186.99467360072094,219.5164117368008
2024-12-13T08:15:00Z,245.74,1.7606909999999998,0.0,1.5691057262391757,1.697744006082841,1.7606909999999998,0.1915852737608241,0.0629469939171587,1.80254177,0.0418507700000001,98.75,436.80496987749996,176.8422204892209,209.36395862530074
2024-12-13T08:30:00Z,245.74,1.723252,0.0,1.5691057262391757,1.697744006082841,1.723252,0.1541462737608243,0.0255079939171589,1.78023501,0.0569830099999999,243.13,437.3262257013,177.3634763130209,209.88521444910074
2024-12-13T08:45:00Z,245.74,1.6898,0.0,1.5691057262391757,1.697744006082841,1.6898,0.1206942737608243,-0.007944006082841,1.7376865,0.0478864999999999,267.84,428.07737216,168.1146227717209,200.63636090780076
2024-12-13T09:00:00Z,208.42,1.6655479999999998,0.0,1.5691057262391757,1.697744006082841,1.6655479999999998,0.0964422737608241,-0.0321960060828412,1.7097338,0.0441858000000001,328.17,361.633968146,160.23024446096693,197.5527632008124
2024-12-13T09:15:00Z,208.42,1.6499670000000002,0.0,1.5691057262391757,1.697744006082841,1.6499670000000002,0.0808612737608245,-0.0477770060828408,1.68196266,0.0319956599999997,330.49,354.4603678133999,153.05664412836688,190.37916286821238
2024-12-13T09:30:00Z,208.42,1.642969,0.0,1.5691057262391757,1.697744006082841,1.642969,0.0738632737608242,-0.0547750060828411,1.67200928,0.02904028,332.43,352.0814592604,150.67773557536694,188.0002543152124
2024-12-13T09:45:00Z,208.42,1.644501,0.0,1.5691057262391757,1.697744006082841,1.644501,0.0753952737608243,-0.053243006082841,1.67244385,0.02794285,272.19,350.35266276149997,148.94893907646696,186.27145781631242
2024-12-13T10:00:00Z,174.4,1.652875,0.0,1.5691057262391757,1.697744006082841,1.652875,0.0837692737608244,-0.0448690060828409,1.69245126,0.0395762599999998,352.2,302.20015877199995,154.17741189362368,195.8762049137506
2024-12-13T10:15:00Z,174.4,1.666888,0.0,1.5691057262391757,1.697744006082841,1.666888,0.0977822737608242,-0.0308560060828411,1.70351249,0.0366244900000001,261.92,300.2979536208,152.27520674242373,193.97399976255068
2024-12-13T10:30:00Z,174.4,1.6870189999999998,0.0,1.5691057262391757,1.697744006082841,1.6870189999999998,0.1179132737608241,-0.0107250060828412,1.72233587,0.0353168700000001,193.61,301.0538128007,153.0310659223237,194.72985894245068
2024-12-13T10:45:00Z,174.4,1.71344,0.0,1.5691057262391757,1.697744006082841,1.71344,0.1443342737608244,0.015695993917159,1.74809536,0.0346553599999999,85.54,301.7883554944,153.76560861602374,195.46440163615068
2024-12-13T11:00:00Z,166.06,1.7439509999999998,0.0,1.5691057262391757,1.697744006082841,1.7439509999999998,0.1748452737608241,0.0462069939171587,1.78368377,0.03973277,279.7,300.71375882899997,165.77735370745842,208.54898998148153
2024-12-13T11:15:00Z,166.06,1.771921,0.0,1.5691057262391757,1.697744006082841,1.771921,0.2028152737608244,0.074176993917159,1.81110879,0.0391877899999999,277.94,305.1370556126,170.20065049105844,212.97228676508155
2024-12-13T11:30:00Z,166.06,1.78848,0.0,1.5691057262391757,1.697744006082841,1.78848,0.2193742737608244,0.090735993917159,1.82554516,0.0370651599999998,286.0,307.5956245599999,172.6592194384584,215.4308557124815
2024-12-13T11:45:00Z,166.06,1.787654,0.0,1.5691057262391757,1.697744006082841,1.787654,0.2185482737608244,0.089909993917159,1.82941158,0.0417575799999998,268.32,308.0622171056,173.1258119840584,215.8974482580815
2024-12-13T12:00:00Z,165.0,1.763213,0.0,1.5691057262391757,1.697744006082841,1.763213,0.1941072737608242,0.0654689939171588,1.80261404,0.03940104,226.55,299.856450612,166.58329756027194,209.49129041092934
2024-12-13T12:15:00Z,165.0,1.721481,0.0,1.5691057262391757,1.697744006082841,1.721481,0.1523752737608243,0.023736993917159,1.75379936,0.0323183599999998,147.77,288.8200490572,155.54689600547195,198.45488885612937
2024-12-13T12:30:00Z,165.0,1.670246,0.0,1.5691057262391757,1.697744006082841,1.670246,0.1011402737608242,-0.0274980060828411,1.71054688,0.0403008800000002,267.73,286.38034460240004,153.107191550672,196.0151844013294
2024-12-13T12:45:00Z,165.0,1.619556,0.0,1.5691057262391757,1.697744006082841,1.619556,0.0504502737608243,-0.078188006082841,1.65476556,0.0352095599999999,252.05,276.101309598,142.82815654627194,185.73614939692933
2024-12-13T13:00:00Z,184.5,1.575125,0.0,1.5691057262391757,1.697744006082841,1.575125,0.0060192737608244,-0.1226190060828409,1.60633788,0.03121288,216.19,297.35847502720003,133.48776031380805,173.88730670751397
2024-12-13T13:15:00Z,184.5,1.538726,0.0,1.5691057262391757,1.697744006082841,1.538726,-0.0303797262391756,-0.159018006082841,1.56758341,0.0288574099999998,214.0,290.07043273999994,126.19971802660801,166.59926442031394
2024-12-13T13:30:00Z,184.5,1.509003,0.0,1.5691057262391757,1.697744006082841,1.509003,-0.0601027262391755,-0.1887410060828409,1.53206505,0.0230620499999998,241.15,283.97246685749997,120.10175214410802,160.50129853781397
2024-12-13T13:45:00Z,184.5,1.483212,0.0,1.5691057262391757,1.697744006082841,1.483212,-0.0858937262391756,-0.214532006082841,1.51248821,0.0292762100000001,181.69,278.9718085949,115.10109388150806,155.50064027521398
2024-12-13T14:00:00Z,220.77,1.461894,0.0,1.5691057262391757,1.697744006082841,1.461894,-0.1072117262391756,-0.235850006082841,1.4948344,0.0329403999999999,108.73,326.323948072,105.54176866791315,141.27560465168932
2024-12-13T14:15:00Z,220.77,1.445685,0.0,1.5691057262391757,1.697744006082841,1.445685,-0.1234207262391755,-0.2520590060828409,1.48309595,0.0374109499999999,211.84,327.089013098,106.30683369391316,142.04066967768935
2024-12-13T14:30:00Z,220.77,1.433296,0.0,1.5691057262391757,1.697744006082841,1.433296,-0.1358097262391757,-0.2644480060828411,1.46972032,0.03642432,187.64,323.2634173248,102.48123792071314,138.21507390448932
2024-12-13T14:45:00Z,220.77,1.4283249999999998,0.0,1.5691057262391757,1.697744006082841,1.4283249999999998,-0.1407807262391758,-0.2694190060828412,1.46021501,0.0318900100000001,167.7,320.679264927,99.89708552291313,135.6309215066893
2024-12-13T15:00:00Z,250.06,1.42982,0.0,1.5691057262391757,1.697744006082841,1.42982,-0.1392857262391755,-0.2679240060828409,1.46831496,0.0384949599999999,246.25,367.02017309999997,100.2788869743677,132.24490774152292
2024-12-13T15:15:00Z,250.06,1.4424949999999996,0.0,1.5691057262391757,1.697744006082841,1.4424949999999996,-0.126610726239176,-0.2552490060828414,1.48741073,0.0449157300000002,159.05,367.8541465564999,101.11286043086764,133.07888119802286
2024-12-13T15:30:00Z,250.06,1.470209,0.0,1.5691057262391757,1.697744006082841,1.470209,-0.0988967262391755,-0.2275350060828409,1.52014553,0.0499365299999998,189.12,377.0844590936,110.34317296796769,142.3091937351229
2024-12-13T15:45:00Z,250.06,1.520177,0.0,1.5691057262391757,1.697744006082841,1.520177,-0.0489287262391757,-0.1775670060828411,1.57808005,0.0579030500000001,117.03,386.91185456150004,120.17056843586771,152.1365892030229
2024-12-13T16:00:00Z,284.21,1.5925049999999998,0.0,1.5691057262391757,1.697744006082841,1.5925049999999998,0.0233992737608241,-0.1052390060828412,1.64762997,0.0551249700000002,92.27,457.6922270318999,137.3659803551998,164.93900386569388
2024-12-13T16:15:00Z,284.21,1.682416,0.0,1.5691057262391757,1.697744006082841,1.682416,0.1133102737608242,-0.0153280060828411,1.74310917,0.0606931700000001,126.35,485.8280333894999,165.50178671279983,193.0748102232939
2024-12-13T16:30:00Z,284.21,1.78293,0.0,1.5691057262391757,1.697744006082841,1.78293,0.2138242737608242,0.0851859939171588,1.86010921,0.0771792100000001,77.53,512.7102394512999,192.3839927745998,219.95701628509386
2024-12-13T16:45:00Z,284.21,1.886415,0.0,1.5691057262391757,1.697744006082841,1.886415,0.3173092737608243,0.1886709939171589,1.96948941,0.08307441,65.41,541.5719043080999,221.24565763139984,248.81868114189388
2024-12-13T17:00:00Z,260.0,1.986344,0.0,1.5691057262391757,1.697744006082841,1.986344,0.4172382737608244,0.288599993917159,2.07732935,0.0909853499999997,79.64,523.695513274,241.35731622955026,272.04467249505944
2024-12-13T17:15:00Z,260.0,2.0770109999999997,0.0,1.5691057262391757,1.697744006082841,2.0770109999999997,0.5079052737608241,0.3792669939171587,2.18102318,0.1040121800000002,90.53,549.4390826554,267.10088561095023,297.78824187645944
2024-12-13T17:30:00Z,260.0,2.155065,0.0,1.5691057262391757,1.697744006082841,2.155065,0.5859592737608244,0.4573209939171589,2.25626134,0.10119634,86.82,569.1027662388001,286.76456919435026,317.45192545985947
2024-12-13T17:45:00Z,260.0,2.21779,0.0,1.5691057262391757,1.697744006082841,2.21779,0.6486842737608243,0.5200459939171589,2.31834635,0.1005563500000001,79.34,584.603540809,302.26534376455027,332.9527000300595
2024-12-13T18:00:00Z,225.6,2.260829,0.0,1.5691057262391757,1.697744006082841,2.260829,0.6917232737608245,0.5630849939171592,2.35370839,0.0928793899999997,113.65,520.5987650735,292.23780501167795,327.35031810380923
2024-12-13T18:15:00Z,225.6,2.280132,0.0,1.5691057262391757,1.697744006082841,2.280132,0.7110262737608244,0.582387993917159,2.36223337,0.0821013700000001,101.02,522.6916595974,294.33069953557793,329.4432126277092
2024-12-13T18:30:00Z,225.6,2.270811,0.0,1.5691057262391757,1.697744006082841,2.270811,0.7017052737608245,0.5730669939171591,2.33106303,0.06025203,105.22,518.6346801966,290.27372013477793,325.3862332269092
2024-12-13T18:45:00Z,225.6,2.228484,0.0,1.5691057262391757,1.697744006082841,2.228484,0.6593782737608243,0.5307399939171589,2.29328168,0.0647976800000003,77.82,507.7885458576,279.42758579577793,314.5400988879092
2024-12-13T19:00:00Z,175.0,2.1535729999999997,0.0,1.0979940165499635,1.164037193310849,2.1535729999999997,1.0555789834500362,0.9895358066891506,2.22946265,0.0758896500000001,125.08,386.36755242199996,279.04961724440653,300.68277462238837
2024-12-13T19:15:00Z,175.0,2.055178,0.0,1.0979940165499635,1.164037193310849,2.055178,0.9571839834500366,0.8911408066891511,2.13151934,0.0763413399999999,101.99,367.4422032666,260.1242680890066,281.7574254669884
2024-12-13T19:30:00Z,175.0,1.949248,0.0,1.0979940165499635,1.164037193310849,1.949248,0.8512539834500366,0.785210806689151,2.01279335,0.0635453499999998,134.07,349.6379250745,242.31998989690655,263.9531472748884
2024-12-13T19:45:00Z,175.0,1.849651,0.0,1.0979940165499635,1.164037193310849,1.849651,0.7516569834500364,0.6856138066891508,1.89848004,0.0488290399999999,120.86,329.5904027744,222.27246759680654,243.90562497478837
2024-12-13T20:00:00Z,146.22,1.767741,0.0,1.0979940165499635,1.164037193310849,1.767741,0.6697469834500365,0.6037038066891509,1.81032883,0.0425878299999999,102.01,262.8234735583,187.1058061770145,210.63968618217461
2024-12-13T20:15:00Z,146.22,1.69971,0.0,1.0979940165499635,1.164037193310849,1.69971,0.6017159834500365,0.535672806689151,1.74893812,0.0492281199999999,95.23,253.2195900676,177.50192268631454,201.03580269147463
2024-12-13T20:30:00Z,146.22,1.638471,0.0,1.0979940165499635,1.164037193310849,1.638471,0.5404769834500365,0.4744338066891509,1.69807074,0.0595997399999999,73.18,243.9387385932,168.2210712119145,191.75495121707462
2024-12-13T20:45:00Z,146.22,1.576628,0.0,1.0979940165499635,1.164037193310849,1.576628,0.4786339834500364,0.4125908066891508,1.63138164,0.0547536400000001,99.56,235.9858185584,160.26815117711453,183.80203118227465
2024-12-13T21:00:00Z,135.09,1.508229,0.0,1.0979940165499635,1.164037193310849,1.508229,0.4102349834500365,0.3441918066891509,1.55210845,0.0438794499999999,134.96,209.668626182,146.1716322049156,170.44057276742438
2024-12-13T21:15:00Z,135.09,1.433687,0.0,1.0979940165499635,1.164037193310849,1.433687,0.3356929834500364,0.2696498066891508,1.48178784,0.04810084,99.53,198.4642534352,134.9672594581156,159.23620002062438
2024-12-13T21:30:00Z,135.09,1.354654,0.0,1.0979940165499635,1.164037193310849,1.354654,0.2566599834500365,0.1906168066891509,1.41059093,0.0559369299999998,92.09,188.1514407437,124.65444676661559,148.92338732912438
2024-12-13T21:45:00Z,135.09,1.271256,0.0,1.0979940165499635,1.164037193310849,1.271256,0.1732619834500364,0.1072188066891508,1.32480679,0.05355079,154.76,180.02149330039998,116.52449932331561,140.79343988582437
2024-12-13T22:00:00Z,116.52,1.186429,0.0,1.0979940165499635,1.164037193310849,1.186429,0.0884349834500364,0.0223918066891508,1.24039395,0.0539649500000001,200.04,149.03785567800003,105.93061058824846,131.42597294320686
2024-12-13T22:15:00Z,116.52,1.099952,0.0,1.0979940165499635,1.164037193310849,1.099952,0.0019579834500365,-0.064085193310849,1.14629975,0.04634775,191.88,137.05961331,93.95236822024845,119.44773057520686
2024-12-13T22:30:00Z,116.52,1.013931,0.0,1.0979940165499635,1.164037193310849,1.013931,-0.0840630165499636,-0.1501061933108491,1.0498202,0.0358892000000001,77.93,120.940085476,77.83284038624844,103.32820274120687
2024-12-13T22:45:00Z,116.52,0.92841,0.0,1.0979940165499635,1.164037193310849,0.92841,-0.1695840165499635,-0.2356271933108491,0.96336546,0.03495546,155.82,113.6250929772,70.51784788744844,96.01321024240686
